Test,Animal,Experiment,Stage,Trial,P4_tget_latency_to_first_entry,Distance(m),Path_efficiency,Q1_entries,Q1_time,Q1_distance,Q1_mean_visit,Q2_entries,Q2_time,Q2_distance,Q2_mean_visit,Q3_entries,Q3_time,Q3_distance,Q3_mean_visit,Q4_tget_entries,Q4_tget_time,Q4_tget_distance,Q4_tget_latency_to_first_entry,Q4_tget_mean_visit,P4_tget_entries,P4_tget_mean_distance_from,P4_tget_time_getting_closer_to_zone,Q4_Pecent_time,P4_time_getting_closer,Fake_crossings_P1.P2.P3
97,10,1,1,2,"60,0","31,210","0,004",4,"10,2","2,202","2,6",12,"24,4","11,620","2,0",7,"9,1","5,135","1,3",11,"13,4","10,319","3,5","1,2",0,"0,481","31,8",22,53,1
108,10,1,4,1,"60,0","21,965","0,021",5,"9,3","5,897","1,9",6,"6,4","2,698","1,1",11,"27,6","7,674","2,5",6,"10,0","3,326","2,6","1,7",0,"0,425","26,0",17,43,0
17,5,1,1,1,"60,0","21,601","0,047",7,"26,1","7,405","3,7",8,"14,1","5,779","1,8",7,"9,8","3,755","1,4",5,"6,4","3,528","2,2","1,3",0,"0,446","26,9",11,45,2
182,21,3,4,2,"59,6","20,930","0,021",1,"0,3","0,097","0,3",7,"12,9","5,507","1,8",11,"15,2","6,784","1,4",7,"17,3","4,129","15,4","2,5",1,"0,382","26,8",29,45,2
42,5,1,2,2,"60,0","20,900","0,012",5,"6,6","2,945","1,3",8,"18,4","6,456","2,3",7,"10,7","4,073","1,5",7,"20,6","5,800","0,0","2,9",0,"0,417","32,1",34,54,0
96,10,1,1,1,"60,0","20,442","0,014",7,"12,0","3,818","1,7",4,"13,1","3,008","3,3",8,"11,4","4,968","1,4",8,"19,8","7,144","1,8","2,5",0,"0,407","29,0",33,48,1
5,2,1,1,1,"60,0","19,437","0,056",6,"14,3","4,429","2,4",6,"15,1","4,704","2,5",7,"14,9","4,478","2,1",7,"12,2","4,514","0,0","1,7",0,"0,448","29,0",20,48,0
33,2,1,2,1,"60,0","18,382","0,033",5,"8,4","2,123","1,7",5,"10,9","2,324","2,2",9,"16,3","5,636","1,8",10,"19,4","6,290","3,6","1,9",0,"0,320","26,6",32,44,1
296,23,4,5,1,"39,1","18,113","0,042",10,"14,4","4,209","1,4",5,"4,9","1,673","1,0",9,"13,8","4,255","1,5",15,"26,9","7,976","1,7","1,8",1,"0,231","30,5",45,51,"1,00"
260,24,4,2,2,"60,0","18,109","0,033",6,"13,7","4,163","2,3",4,"10,1","3,026","2,5",7,"12,4","3,967","1,8",9,"23,9","6,954","0,8","2,7",0,"0,340","31,9",40,53,"1,00"
69,4,1,4,1,"60,0","17,973","0,007",8,"14,6","4,647","1,8",7,"12,8","3,806","1,8",5,"10,9","3,551","2,2",7,"17,6","4,420","0,0","2,5",0,"0,399","30,4",29,51,1
82,37,7,5,1,"1,7","17,918","0,021",6,"12,2","3,535","2,0",3,"8,2","2,770","2,7",6,"11,0","3,178","1,8",7,"28,6","8,435","1,1","4,1",4,"0,280","28,7",48,48,"2,00"
109,10,1,4,2,"60,0","17,765","0,039",5,"17,0","7,955","3,4",5,"9,8","1,595","2,0",6,"18,3","3,699","3,0",3,"7,0","1,530","0,0","2,3",0,"0,479","30,8",12,51,3
9,3,1,1,1,"60,0","17,673","0,048",4,"7,6","2,102","1,9",5,"15,8","3,893","3,2",5,"15,0","4,763","3,0",6,"18,6","5,399","0,0","3,1",0,"0,455","32,1",31,54,1
157,21,3,2,1,"60,0","17,593","0,007",0,"0,0","0,000","0,0",6,"10,0","2,906","1,7",5,"14,6","4,024","2,9",7,"17,6","5,581","3,9","2,5",0,"0,395","30,8",29,51,0
271,24,4,3,1,"60,0","17,529","0,007",7,"19,5","4,467","2,8",6,"8,5","2,581","1,4",7,"13,1","4,334","1,9",9,"18,8","6,146","4,3","2,1",0,"0,311","30,3",31,51,"2,00"
218,28,5,4,1,"60,0","17,519","0,041",4,"8,0","2,643","2,0",7,"9,4","3,189","1,3",9,"20,2","6,374","2,2",7,"22,4","5,313","7,1","3,2",0,"0,322","30,3",37,51,"4,00"
84,39,7,5,1,,"17,469","0,040",7,"12,1","4,044","1,7",6,"9,0","2,998","1,5",7,"20,0","5,028","2,9",8,"18,9","5,399","1,0","2,4",0,"0,338","29,9",32,50,"3,00"
40,4,1,2,4,"60,0","17,428","0,046",3,"4,0","1,023","1,3",6,"14,0","5,543","2,3",5,"26,0","5,015","5,2",6,"13,4","4,385","1,4","2,2",0,"0,496","26,6",22,44,0
232,28,5,5,1,,"17,394","0,050",8,"13,3","3,704","1,7",8,"9,7","2,819","1,2",9,"17,9","5,349","2,0",8,"19,1","5,522","6,9","2,4",0,"0,334","31,7",32,53,"3,00"
94,33,6,2,1,"60,0","17,347","0,029",5,"14,6","3,702","2,9",7,"22,8","7,213","3,3",6,"18,0","4,972","3,0",4,"4,6","1,459","9,3","1,1",0,"0,541","32,4",8,54,"3,00"
13,39,7,1,1,"60,0","16,928","0,022",3,"8,6","1,983","2,9",10,"28,4","8,352","2,8",8,"16,3","4,744","2,0",2,"6,7","1,850","18,5","3,4",0,"0,513","34,0",11,57,"2,00"
298,25,4,5,1,"25,5","16,746","0,046",6,"9,5","2,676","1,6",1,"1,6","0,512","1,6",7,"13,8","3,894","2,0",11,"35,2","9,665","1,9","3,2",3,"0,200","31,2",59,52,"2,00"
186,20,3,5,1,"45,5","16,481","0,022",2,"0,4","0,104","0,2",5,"3,7","1,019","0,7",7,"11,1","2,827","1,6",12,"28,0","8,188","2,0","2,3",1,"0,214","31,9",47,53,4
90,32,6,2,1,"60,0","16,470","0,006",7,"17,0","5,305","2,4",7,"18,1","4,954","2,6",5,"8,8","2,366","1,8",5,"16,1","3,845","6,1","3,2",0,"0,421","32,0",27,53,"2,00"
85,40,7,5,1,"10,6","16,447","0,042",8,"19,9","5,034","2,5",3,"3,6","0,841","1,2",5,"9,4","2,717","1,9",10,"27,1","7,855","4,7","2,7",1,"0,260","32,0",45,53,"5,00"
181,21,3,4,1,"58,1","16,259","0,023",0,"0,0","0,000","0,0",4,"8,2","2,183","2,0",6,"16,8","5,592","2,8",6,"21,9","4,519","0,0","3,7",1,"0,383","28,1",38,48,2
37,12,2,2,1,"60,0","16,063","0,055",0,"0,0","0,000","0,0",5,"16,1","3,718","3,2",6,"17,2","4,441","2,9",5,"12,1","3,613","7,1","2,4",0,"0,519","31,6",20,53,0
83,15,2,3,3,"60,0","16,061","0,036",1,"0,2","0,000","0,2",4,"12,4","2,848","3,1",5,"16,6","4,322","3,3",6,"16,3","4,634","0,0","2,7",0,"0,442","27,3",27,46,1
235,22,4,1,1,"60,0","16,055","0,036",7,"16,6","4,560","2,4",4,"10,1","2,922","2,5",4,"8,4","2,557","2,1",7,"24,9","6,015","1,6","3,6",1,"0,404","31,4",42,52,"0,00"
239,23,4,1,1,"52,7","16,043","0,020",5,"10,3","3,563","2,1",4,"7,6","2,855","1,9",5,"12,0","3,732","2,4",6,"22,9","5,892","0,7","3,8",1,"0,380","22,1",43,42,"1,00"
81,36,7,5,1,"40,1","15,995","0,056",7,"15,3","3,556","2,2",5,"12,8","4,243","2,6",5,"12,7","3,687","2,5",6,"19,1","4,508","7,1","3,2",1,"0,389","29,6",32,49,"4,00"
187,21,3,5,1,,"15,875","0,060",0,"0,0","0,000","0,0",5,"6,0","1,821","1,2",7,"15,7","4,556","2,2",7,"22,8","5,879","3,8","3,3",0,"0,351","29,5",38,49,1
28,8,1,1,4,"54,2","15,685","0,020",7,"13,8","4,691","2,0",2,"4,0","0,802","2,0",4,"8,0","3,117","2,0",5,"23,6","5,678","0,0","4,7",0,"0,316","24,8",44,46,1
133,15,2,5,1,"1,5","15,648","0,032",2,"0,5","0,139","0,2",4,"5,5","1,889","1,4",5,"12,8","3,435","2,6",6,"25,5","5,875","0,8","4,2",2,"0,326","29,7",43,50,2
297,24,4,5,1,"11,1","15,623","0,037",3,"2,7","0,945","0,9",3,"5,2","1,665","1,7",6,"16,3","4,208","2,7",7,"35,8","8,805","3,0","5,1",3,"0,211","31,0",60,52,"3,00"
145,21,3,1,1,"60,0","15,611","0,041",1,"0,3","0,078","0,3",4,"10,6","2,282","2,6",4,"6,3","1,854","1,6",6,"24,3","5,557","8,7","4,1",1,"0,387","29,4",41,49,2
37,40,7,2,1,"60,0","15,603","0,018",7,"20,6","5,325","2,9",5,"21,4","5,298","4,3",3,"7,6","1,922","2,5",4,"10,4","3,059","16,7","2,6",0,"0,532","30,4",17,51,"3,00"
49,15,2,2,1,"60,0","15,574","0,046",0,"0,0","0,000","0,0",6,"16,0","3,948","2,7",6,"20,1","4,460","3,3",5,"11,3","3,069","12,4","2,3",0,"0,472","31,2",19,52,1
178,28,5,2,1,"60,0","15,531","0,057",5,"15,5","3,256","3,1",6,"19,7","5,815","3,3",4,"18,5","4,768","4,6",2,"6,3","1,693","21,9","3,1",0,"0,531","32,9",11,55,"4,00"
29,38,7,2,1,"60,0","15,480","0,010",4,"12,7","3,188","3,2",5,"15,7","4,210","3,1",5,"12,8","3,640","2,6",5,"18,8","4,442","8,9","3,8",0,"0,400","28,8",31,48,"4,00"
41,13,2,2,1,"60,0","15,453","0,074",0,"0,0","0,000","0,0",5,"16,1","3,661","3,2",5,"15,6","4,556","3,1",5,"13,4","3,101","8,6","2,7",0,"0,433","31,4",22,52,0
13,4,1,1,1,"60,0","15,342","0,001",4,"7,9","2,698","2,0",6,"18,9","3,554","3,1",7,"18,1","4,735","2,6",5,"11,2","2,832","12,5","2,2",0,"0,481","31,3",19,52,0
147,33,6,5,1,"11,4","15,300","0,026",14,"17,6","4,663","1,3",1,"4,1","1,293","4,1",1,"0,5","0,054","0,5",14,"37,9","9,291","5,7","2,7",5,"0,173","28,7",63,48,"2,00"
141,20,3,1,1,"60,0","15,278","0,011",1,"0,1","0,031","0,1",10,"12,4","2,583","1,2",5,"10,5","2,825","2,1",5,"14,3","4,162","4,4","2,9",1,"0,385","30,2",24,50,4
86,2,1,5,1,"3,3","15,236","0,033",3,"7,0","1,544","2,3",3,"5,6","1,624","1,9",7,"5,0","1,525","0,7",11,"37,1","9,218","0,0","3,4",7,"0,185","26,9",62,45,1
146,32,6,5,1,"1,6","15,194","0,021",11,"16,5","4,475","1,5",4,"7,2","1,571","1,8",5,"5,0","1,261","1,0",11,"31,3","7,887","0,9","2,8",3,"0,220","28,9",52,48,"2,00"
83,38,7,5,1,,"15,174","0,051",8,"30,2","7,309","3,8",8,"18,4","4,792","2,3",4,"5,0","1,348","1,3",4,"6,5","1,725","3,7","1,6",0,"0,383","30,9",11,52,"3,00"
37,4,1,2,1,"60,0","15,156","0,033",6,"11,3","3,206","1,9",6,"17,2","3,267","2,9",4,"8,1","2,428","2,0",5,"18,6","4,800","0,0","3,7",1,"0,412","28,3",31,47,3
122,35,6,3,2,"60,0","15,099","0,003",5,"5,3","1,506","1,1",7,"16,2","3,802","2,3",9,"17,0","4,747","1,9",8,"21,5","5,043","0,0","2,7",0,"0,337","29,0",36,48,"3,00"
92,9,1,1,1,"60,0","15,040","0,016",2,"11,9","2,373","6,0",2,"4,3","1,065","2,2",5,"23,4","6,183","4,7",5,"15,8","3,986","0,0","3,2",0,"0,477","28,8",26,48,0
1,11,2,1,1,"60,0","14,975","0,015",1,"0,3","0,095","0,3",4,"12,0","3,118","3,0",3,"9,0","2,431","3,0",5,"11,9","3,584","2,8","2,4",1,"0,481","29,2",20,49,1
1,36,7,1,1,"60,0","14,940","0,051",4,"11,3","2,428","2,8",4,"32,3","7,554","8,1",4,"9,1","2,844","2,3",4,"7,3","2,113","29,3","1,8",0,"0,560","34,8",12,58,"2,00"
174,27,5,2,1,"60,0","14,902","0,043",5,"14,7","3,591","2,9",5,"15,9","3,609","3,2",5,"14,2","3,710","2,8",5,"15,2","3,993","8,3","3,0",0,"0,451","32,6",25,54,"2,00"
149,35,6,5,1,,"14,892","0,041",6,"14,7","3,823","2,5",3,"3,9","1,141","1,3",6,"10,2","2,570","1,7",9,"31,1","7,359","2,9","3,5",0,"0,254","31,4",52,52,"1,00"
137,19,3,1,1,"60,0","14,889","0,011",0,"0,0","0,000","0,0",4,"11,6","2,999","2,9",3,"9,4","2,558","3,1",5,"12,1","3,502","2,4","2,4",1,"0,475","29,6",20,49,0
104,10,1,2,1,"60,0","14,880","0,063",7,"8,0","2,112","1,1",7,"20,5","3,244","2,9",5,"7,2","2,053","1,4",8,"19,1","5,465","0,0","2,4",0,"0,390","21,6",32,36,0
13,14,2,1,1,"60,0","14,774","0,032",0,"0,0","0,000","0,0",5,"8,9","1,741","1,8",6,"23,9","5,815","4,0",5,"17,6","4,393","5,7","3,5",1,"0,397","29,3",29,49,1
69,12,2,3,1,"60,0","14,478","0,022",2,"0,3","0,115","0,2",4,"6,8","1,787","1,7",5,"17,5","3,597","3,5",7,"17,8","4,067","10,3","2,5",0,"0,367","34,5",30,57,3
150,19,3,2,2,"60,0","14,412","0,067",0,"0,0","0,000","0,0",5,"15,3","3,070","3,1",3,"7,6","2,290","2,5",5,"16,6","4,532","1,6","3,3",0,"0,470","25,5",28,43,0
148,34,6,5,1,,"14,384","0,040",4,"5,2","1,105","1,3",6,"19,4","4,609","3,2",8,"17,1","4,453","2,1",7,"18,3","4,218","9,4","2,6",0,"0,350","29,9",31,50,"5,00"
36,39,7,2,4,"60,0","14,347","0,049",5,"13,4","3,311","2,7",2,"1,4","0,451","0,7",6,"16,7","3,907","2,8",7,"28,5","6,677","1,5","4,1",0,"0,296","32,1",48,54,"4,00"
1,1,1,1,1,"60,0","14,290","0,020",5,"10,9","2,362","2,2",6,"18,3","3,631","3,1",5,"13,4","3,704","2,7",5,"15,1","3,696","6,3","3,0",0,"0,450","26,3",25,44,2
6,2,1,1,2,"60,0","14,255","0,046",4,"7,4","1,895","1,9",5,"11,6","3,195","2,3",5,"19,1","4,205","3,8",5,"18,9","4,125","0,0","3,8",1,"0,389","32,3",32,54,1
231,27,5,5,1,"27,8","14,213","0,030",5,"20,3","4,104","4,1",4,"10,0","2,860","2,5",5,"11,6","3,450","2,3",6,"18,0","3,800","3,0","3,0",1,"0,383","31,6",30,53,"3,00"
96,33,6,2,3,"60,0","14,193","0,036",6,"16,7","3,820","2,8",3,"7,8","1,992","2,6",6,"14,3","3,753","2,4",8,"21,2","4,627","0,5","2,6",0,"0,362","28,8",35,48,"2,00"
21,36,7,2,1,"60,0","14,144","0,078",4,"7,2","1,948","1,8",6,"18,1","4,400","3,0",6,"12,4","3,642","2,1",4,"22,4","4,154","15,4","5,6",0,"0,384","30,7",37,51,"1,00"
169,21,3,3,1,"60,0","14,118","0,064",1,"0,1","0,069","0,1",5,"15,5","2,964","3,1",4,"11,4","2,919","2,8",5,"19,4","4,093","0,0","3,9",0,"0,408","28,7",32,48,1
33,11,2,2,1,"60,0","14,075","0,074",0,"0,0","0,000","0,0",4,"9,3","2,401","2,3",3,"7,4","1,287","2,5",6,"26,2","5,487","4,5","4,4",0,"0,387","35,5",44,59,0
18,5,1,1,2,"60,0","14,062","0,044",4,"7,7","2,977","1,9",1,"5,2","0,988","5,2",5,"20,8","5,046","4,2",6,"22,3","4,356","0,0","3,7",0,"0,412","32,0",37,53,1
17,40,7,1,1,"60,0","14,028","0,061",6,"25,9","5,613","4,3",8,"27,0","6,667","3,4",2,"4,9","1,227","2,4",1,"2,2","0,521","57,8","2,2",0,"0,566","33,3",4,55,"2,00"
151,19,3,2,3,"60,0","13,998","0,052",0,"0,0","0,000","0,0",6,"14,2","2,206","2,4",6,"23,3","5,398","3,9",4,"9,5","3,134","2,9","2,4",0,"0,483","27,3",16,46,2
66,3,1,4,2,"59,3","13,996","0,005",4,"8,4","2,236","2,1",5,"9,2","2,217","1,8",5,"10,9","3,132","2,2",8,"25,1","4,710","0,0","3,1",3,"0,268","25,2",42,42,2
21,6,1,1,1,"60,0","13,966","0,009",4,"8,0","1,808","2,0",6,"27,7","5,919","4,6",4,"8,4","1,894","2,1",3,"9,5","1,599","0,0","3,2",0,"0,510","29,6",16,49,1
29,18,2,1,1,"60,0","13,940","0,058",0,"0,0","0,000","0,0",5,"7,5","2,270","1,5",4,"10,2","3,226","2,5",5,"21,0","4,649","1,5","4,2",0,"0,435","30,9",35,52,1
30,38,7,2,2,"60,0","13,904","0,048",4,"12,3","2,762","3,1",5,"8,3","1,972","1,7",8,"23,8","5,847","3,0",6,"15,7","3,323","0,0","2,6",0,"0,428","28,5",26,48,"2,00"
123,35,6,3,3,"60,0","13,862","0,055",5,"9,5","2,167","1,9",5,"14,1","3,344","2,8",5,"18,3","4,364","3,7",5,"18,1","3,986","8,6","3,6",0,"0,383","32,3",30,54,"4,00"
25,8,1,1,1,"60,0","13,842","0,046",6,"24,0","3,225","4,0",4,"4,3","2,661","1,1",5,"9,5","3,233","1,9",6,"19,3","3,812","0,0","3,2",0,"0,377","26,6",32,44,1
95,33,6,2,2,"60,0","13,808","0,060",4,"19,3","3,742","4,8",4,"10,2","2,855","2,6",5,"16,0","3,975","3,2",5,"14,5","3,236","5,0","2,9",0,"0,426","27,9",24,47,"1,00"
25,17,2,1,1,"60,0","13,785","0,048",0,"0,0","0,000","0,0",4,"9,0","2,766","2,2",4,"11,5","2,594","2,9",5,"25,7","4,262","0,0","5,1",1,"0,425","26,8",43,45,0
27,37,7,2,3,"53,4","13,777","0,059",6,"13,6","4,288","2,3",7,"25,9","6,535","3,7",4,"2,8","1,092","0,7",4,"11,1","1,861","4,8","2,8",0,"0,474","27,9",21,52,"2,00"
14,14,2,1,2,"60,0","13,715","0,038",1,"0,2","0,087","0,2",8,"6,8","1,805","0,8",9,"25,6","5,334","2,8",8,"11,3","2,633","2,4","1,4",0,"0,340","31,1",19,52,7
5,12,2,1,1,"60,0","13,706","0,039",0,"0,0","0,000","0,0",5,"16,6","3,320","3,3",5,"18,4","3,381","3,7",5,"12,5","3,992","13,5","2,5",0,"0,498","32,6",21,54,1
128,18,2,4,4,"60,0","13,676","0,039",2,"0,5","0,147","0,3",4,"8,8","1,957","2,2",4,"18,9","4,510","4,7",5,"14,2","3,302","10,6","2,8",1,"0,340","32,3",24,54,3
98,34,6,2,1,"60,0","13,531","0,029",4,"18,9","4,345","4,7",6,"29,3","6,398","4,9",2,"8,9","1,983","4,5",1,"2,9","0,805","23,9","2,9",0,"0,528","32,9",5,55,"4,00"
247,25,4,1,1,"60,0","13,504","0,070",4,"3,8","1,306","1,0",5,"30,5","6,432","6,1",5,"21,1","4,349","4,2",4,"4,6","1,417","15,4","1,2",0,"0,568","33,9",8,56,"0,00"
88,4,1,5,1,"2,4","13,467","0,017",10,"12,7","2,465","1,3",4,"10,8","2,484","2,7",6,"14,4","3,236","2,4",8,"16,8","3,833","1,4","2,1",1,"0,326","28,9",28,48,4
17,15,2,1,1,"60,0","13,418","0,062",2,"1,3","0,115","0,6",6,"11,0","3,126","1,8",3,"13,7","2,823","4,6",1,"3,4","0,821","38,5","3,4",0,"0,508","34,3",6,57,2
74,13,2,3,2,"60,0","13,413","0,003",1,"0,2","0,061","0,2",7,"12,0","3,427","1,7",6,"18,3","4,479","3,0",2,"12,5","2,093","9,2","6,2",0,"0,421","30,6",21,51,2
234,30,5,5,1,,"13,342","0,063",6,"24,4","3,991","4,1",6,"8,1","2,467","1,4",6,"12,8","3,872","2,1",6,"14,6","3,012","4,6","2,4",0,"0,335","26,6",24,44,"2,00"
2,36,7,1,2,"60,0","13,322","0,020",1,"1,5","0,359","1,5",5,"23,8","4,990","4,8",9,"21,5","5,173","2,4",4,"13,2","2,800","5,5","3,3",0,"0,425","31,4",22,52,"6,00"
149,19,3,2,1,"60,0","13,301","0,037",0,"0,0","0,000","0,0",8,"18,4","3,597","2,3",4,"9,3","2,502","2,3",3,"9,5","2,517","8,1","3,2",0,"0,507","29,0",16,48,0
11,3,1,1,3,"60,0","13,290","0,019",3,"11,4","2,575","3,8",4,"13,1","2,420","3,3",6,"17,1","4,125","2,8",5,"14,2","3,401","5,9","2,8",0,"0,409","29,6",24,49,2
185,19,3,5,1,,"13,251","0,043",2,"0,3","0,039","0,1",7,"8,4","1,511","1,2",3,"4,8","1,088","1,6",7,"15,9","4,043","1,2","2,3",0,"0,282","29,5",27,49,3
12,3,1,1,4,"60,0","13,242","0,017",3,"19,6","3,401","6,5",5,"23,9","5,244","4,8",3,"11,9","3,003","4,0",2,"3,2","1,060","8,5","1,6",0,"0,530","26,7",5,45,3
101,12,2,4,1,"60,0","13,134","0,071",0,"0,0","0,000","0,0",5,"9,7","2,445","1,9",4,"14,8","2,559","3,7",5,"15,9","4,053","0,0","3,2",0,"0,419","31,4",27,52,1
87,3,1,5,1,"11,3","13,128","0,039",4,"15,3","3,204","3,8",4,"17,8","3,911","4,4",4,"11,9","2,620","3,0",4,"12,4","2,751","8,6","3,1",3,"0,424","27,1",21,45,5
142,20,3,1,2,"60,0","13,093","0,061",2,"0,7","0,175","0,3",3,"8,1","1,527","2,7",5,"14,1","3,309","2,8",7,"23,5","5,181","0,0","3,4",1,"0,320","28,9",39,48,3
177,20,3,4,1,"60,0","13,091","0,035",3,"0,8","0,165","0,3",3,"2,5","0,517","0,8",5,"13,9","3,114","2,8",9,"26,9","5,509","0,0","3,0",0,"0,231","36,0",45,60,4
132,14,2,5,1,"1,6","13,081","0,055",3,"0,8","0,183","0,3",5,"8,7","1,857","1,7",4,"20,0","4,169","5,0",5,"17,9","3,992","1,2","3,6",3,"0,315","30,0",30,50,5
80,14,2,3,4,"60,0","13,079","0,060",1,"0,2","0,085","0,2",1,"0,9","0,140","0,9",9,"25,4","5,138","2,8",9,"23,1","5,132","2,3","2,6",0,"0,242","31,4",39,52,3
273,24,4,3,3,"60,0","13,057","0,050",7,"9,2","1,999","1,3",4,"8,8","1,855","2,2",6,"18,1","4,195","3,0",9,"23,9","5,009","3,1","2,7",0,"0,281","31,1",40,52,"3,00"
158,28,5,1,1,"53,6","12,975","0,063",6,"12,0","3,634","2,0",5,"22,5","5,608","4,5",2,"6,9","1,844","3,5",3,"12,2","1,889","10,5","4,1",1,"0,496","25,2",23,47,"2,00"
240,23,4,1,2,"51,6","12,975","0,068",3,"11,9","3,203","4,0",2,"6,2","1,874","3,1",5,"14,3","3,421","2,9",6,"19,3","4,476","3,6","3,2",0,"0,339","24,8",37,48,"3,00"
186,30,5,2,1,"60,0","12,927","0,032",4,"14,0","2,552","3,5",7,"27,5","6,990","3,9",4,"17,9","3,252","4,5",1,"0,5","0,134","51,8","0,5",0,"0,593","29,6",1,49,"2,00"
68,3,1,4,4,"60,0","12,864","0,025",3,"6,9","1,479","2,3",4,"9,7","2,111","2,4",5,"12,8","3,439","2,6",6,"26,6","4,916","0,0","4,4",0,"0,311","33,3",44,55,2
103,9,1,2,4,"60,0","12,836","0,074",6,"9,4","1,777","1,6",4,"6,2","1,211","1,5",5,"17,8","3,562","3,6",7,"22,5","5,352","1,6","3,2",0,"0,324","27,5",38,46,2
71,38,7,4,3,"60,0","12,820","0,059",3,"6,3","1,388","2,1",6,"19,4","4,231","3,2",8,"18,8","4,132","2,4",5,"15,4","3,069","8,2","3,1",0,"0,390","29,4",26,49,"3,00"
51,38,7,3,3,"60,0","12,808","0,059",3,"6,3","1,401","2,1",6,"19,7","4,273","3,3",7,"18,6","4,141","2,7",5,"15,5","2,993","8,1","3,1",0,"0,389","30,1",26,50,"3,00"
136,18,2,5,1,,"12,789","0,027",1,"0,1","0,033","0,1",16,"29,1","5,852","1,8",7,"11,6","2,997","1,7",1,"0,2","0,049","4,3","0,2",0,"0,517","30,4",0,51,4
131,13,2,5,1,,"12,735","0,010",0,"0,0","0,000","0,0",6,"4,0","1,286","0,7",4,"14,4","2,786","3,6",5,"12,3","2,910","14,8","2,5",0,"0,384","30,2",21,51,2
174,19,3,4,2,"53,5","12,703","0,049",0,"0,0","0,000","0,0",5,"8,2","2,031","1,6",5,"11,3","2,885","2,3",7,"18,5","3,892","2,3","2,6",2,"0,313","28,1",35,53,2
295,22,4,5,1,"21,4","12,689","0,075",6,"16,6","3,277","2,8",2,"5,9","1,484","2,9",5,"12,5","2,242","2,5",8,"25,0","5,686","2,1","3,1",3,"0,274","28,2",42,47,"0,00"
145,31,6,5,1,,"12,679","0,067",11,"31,1","6,241","2,8",7,"15,1","3,153","2,2",1,"2,3","0,643","2,3",6,"11,6","2,641","3,4","1,9",0,"0,398","31,1",19,52,"1,00"
72,4,1,4,4,"60,0","12,671","0,049",6,"12,1","2,571","2,0",5,"12,1","2,540","2,4",5,"14,3","2,941","2,9",6,"17,0","3,577","6,8","2,8",0,"0,334","27,9",28,47,2
113,10,1,5,1,,"12,648","0,013",3,"12,5","2,813","4,2",7,"25,1","3,684","3,6",6,"18,3","4,779","3,0",1,"1,9","0,702","13,8","1,9",0,"0,545","27,5",3,46,2
93,9,1,1,2,"60,0","12,644","0,073",3,"9,0","2,135","3,0",2,"6,9","1,727","3,5",6,"26,0","5,369","4,3",4,"15,3","2,961","15,4","3,8",0,"0,414","30,2",26,50,0
105,10,1,2,2,"60,0","12,639","0,013",3,"8,3","2,151","2,8",3,"3,3","1,172","1,1",5,"23,6","3,526","4,7",5,"21,5","5,033","1,3","4,3",0,"0,435","25,9",36,43,1
9,38,7,1,1,"60,0","12,605","0,069",4,"7,7","1,255","1,9",6,"22,8","4,961","3,8",6,"17,7","3,927","2,9",5,"11,9","2,462","21,2","2,4",0,"0,452","34,8",20,58,"4,00"
108,13,2,4,4,"60,0","12,599","0,081",0,"0,0","0,000","0,0",5,"4,7","1,307","0,9",4,"15,8","2,620","4,0",7,"20,7","4,304","6,2","3,0",0,"0,351","33,6",35,56,0
59,1,1,4,3,"60,0","12,514","0,060",4,"12,4","2,413","3,1",2,"6,0","1,270","3,0",5,"11,4","2,529","2,3",7,"26,4","5,533","3,0","3,8",1,"0,297","28,5",44,48,4
134,16,2,5,1,"18,1","12,510","0,071",2,"0,5","0,130","0,2",0,"0,0","0,000","0,0",4,"5,9","1,081","1,5",6,"42,4","9,093","3,6","7,1",3,"0,167","29,4",71,49,2
21,16,2,1,1,"60,0","12,490","0,029",0,"0,0","0,000","0,0",5,"5,9","1,597","1,2",7,"28,9","5,633","4,1",5,"13,5","2,462","4,8","2,7",0,"0,419","31,9",23,53,2
198,28,5,3,1,"46,1","12,358","0,042",5,"10,1","2,743","2,0",4,"13,3","3,701","3,3",4,"9,9","3,101","2,5",5,"12,8","2,813","10,0","2,6",1,"0,391","23,7",28,51,"2,00"
143,20,3,1,3,"60,0","12,357","0,005",2,"0,5","0,092","0,3",5,"9,2","1,899","1,8",6,"18,9","3,672","3,1",6,"11,0","2,585","3,2","1,8",0,"0,346","30,5",18,51,3
9,13,2,1,1,"60,0","12,344","0,041",0,"0,0","0,000","0,0",3,"13,0","2,287","4,3",2,"3,8","0,984","1,9",4,"8,8","2,116","7,1","2,2",0,"0,484","23,7",15,39,0
111,10,1,4,4,"60,0","12,199","0,055",5,"24,8","5,647","5,0",4,"3,8","0,830","0,9",4,"10,5","2,354","2,6",5,"11,5","2,080","0,0","2,3",0,"0,425","27,6",19,46,0
135,17,2,5,1,"20,1","12,199","0,039",4,"0,9","0,206","0,2",6,"7,6","1,819","1,3",2,"10,0","2,159","5,0",2,"15,3","3,430","17,2","7,6",3,"0,321","28,9",26,49,5
4,36,7,1,4,"60,0","12,176","0,059",5,"12,7","2,404","2,5",3,"9,4","2,137","3,1",4,"9,3","2,273","2,3",6,"28,5","5,363","0,0","4,7",0,"0,358","30,9",48,52,"0,00"
152,19,3,2,4,"60,0","12,167","0,068",0,"0,0","0,000","0,0",5,"16,5","3,206","3,3",3,"8,9","1,703","3,0",4,"11,4","2,467","3,1","2,8",0,"0,476","27,6",19,46,0
233,29,5,5,1,"19,4","12,127","0,073",3,"6,3","1,835","2,1",4,"27,0","2,586","6,7",6,"13,4","3,761","2,2",5,"13,4","3,945","8,0","2,7",1,"0,470","25,0",22,42,"0,00"
160,21,3,2,4,"60,0","12,028","0,075",0,"0,0","0,000","0,0",6,"23,2","4,159","3,9",4,"8,7","2,058","2,2",4,"11,4","2,088","0,0","2,8",0,"0,489","30,3",19,51,0
23,6,1,1,3,"60,0","11,982","0,068",4,"20,5","4,168","5,1",3,"7,4","1,492","2,5",5,"17,0","3,619","3,4",4,"13,8","2,358","3,3","3,4",0,"0,457","28,8",23,48,0
222,29,5,4,1,"47,1","11,962","0,037",6,"16,9","4,737","2,8",4,"8,8","2,361","2,2",4,"2,5","0,954","0,6",6,"18,9","3,911","2,4","3,1",1,"0,345","21,6",40,46,"1,00"
98,11,2,4,2,"60,0","11,894","0,083",1,"0,2","0,000","0,2",6,"15,1","2,760","2,5",5,"18,4","3,955","3,7",4,"9,3","2,154","11,1","2,3",0,"0,440","32,1",16,54,2
85,1,1,5,1,"14,8","11,879","0,040",8,"17,0","3,140","2,1",4,"6,2","1,606","1,5",4,"8,3","1,712","2,1",8,"23,0","4,398","0,0","2,9",2,"0,258","27,5",39,46,7
38,4,1,2,2,"60,0","11,860","0,028",7,"21,4","4,372","3,1",4,"5,5","1,620","1,4",3,"13,2","2,300","4,4",4,"13,6","2,619","0,9","3,4",0,"0,391","26,9",23,45,3
267,23,4,3,1,"35,9","11,860","0,059",4,"10,5","3,644","2,6",4,"6,8","2,840","1,7",4,"8,4","3,004","2,1",4,"10,3","2,372","2,2","2,6",0,"0,380","19,0",29,53,"1,00"
8,2,1,1,4,"60,0","11,839","0,021",2,"5,7","1,183","2,8",0,"0,0","0,000","0,0",5,"24,9","5,057","5,0",8,"27,3","4,935","0,0","3,4",0,"0,305","28,4",46,47,2
65,11,2,3,1,"59,1","11,791","0,019",0,"0,0","0,000","0,0",3,"8,6","1,770","2,9",4,"10,5","2,830","2,6",4,"28,7","4,476","0,9","7,2",1,"0,378","27,6",49,47,1
54,8,1,2,2,"37,0","11,754","0,053",4,"5,9","3,755","1,5",1,"0,6","0,240","0,6",4,"18,0","3,000","4,5",4,"9,6","2,371","15,3","2,4",0,"0,338","19,6",26,53,0
249,25,4,1,3,"60,0","11,742","0,079",4,"18,4","3,365","4,6",4,"11,8","1,887","3,0",5,"17,6","3,363","3,5",4,"12,2","3,128","5,4","3,1",0,"0,474","30,2",20,50,"0,00"
95,9,1,1,4,"60,0","11,711","0,060",3,"15,0","2,398","5,0",5,"11,9","2,632","2,4",4,"15,6","3,604","3,9",3,"14,8","2,513","0,0","4,9",0,"0,407","27,2",25,45,5
24,36,7,2,4,"60,0","11,607","0,072",4,"11,9","2,749","3,0",3,"5,3","1,674","1,8",4,"10,8","2,849","2,7",5,"32,0","4,335","0,0","6,4",0,"0,323","29,1",53,49,"0,00"
53,16,2,2,1,"56,7","11,597","0,036",0,"0,0","0,000","0,0",5,"10,9","2,167","2,2",3,"16,3","2,588","5,4",6,"18,4","3,925","3,7","3,1",0,"0,321","25,9",32,46,1
179,28,5,2,2,"60,0","11,593","0,039",5,"15,1","2,544","3,0",3,"10,6","2,022","3,5",5,"8,4","1,904","1,7",7,"25,9","5,122","2,4","3,7",0,"0,300","30,6",43,51,"1,00"
89,5,1,5,1,"8,2","11,567","0,058",6,"14,0","3,094","2,3",2,"0,8","0,150","0,4",3,"7,4","1,971","2,5",8,"34,2","5,413","0,0","4,3",3,"0,256","22,8",57,38,2
110,10,1,4,3,"60,0","11,533","0,050",4,"22,0","4,285","5,5",5,"17,6","2,887","3,5",3,"12,5","2,029","4,2",3,"6,3","2,070","4,3","2,1",0,"0,546","30,0",11,50,0
52,38,7,3,4,"60,0","11,519","0,035",5,"18,1","3,768","3,6",4,"14,3","3,110","3,6",4,"9,0","1,952","2,3",5,"18,6","2,689","0,0","3,7",0,"0,358","30,8",31,51,"4,00"
72,38,7,4,4,"60,0","11,494","0,034",5,"17,9","3,725","3,6",4,"14,6","3,174","3,6",4,"9,0","1,952","2,3",6,"18,5","2,643","0,0","3,1",0,"0,358","31,2",31,52,"4,00"
10,3,1,1,2,"60,0","11,301","0,032",4,"14,0","2,733","3,5",2,"7,8","1,743","3,9",2,"10,2","1,659","5,1",4,"25,8","4,672","0,0","6,5",0,"0,400","25,5",43,43,1
159,28,5,1,2,"60,0","11,282","0,036",4,"18,8","3,488","4,7",6,"27,4","4,492","4,6",3,"6,2","1,600","2,1",2,"7,6","1,702","3,1","3,8",0,"0,587","29,8",13,50,"1,00"
64,18,2,2,4,"60,0","11,257","0,018",0,"0,0","0,000","0,0",2,"6,1","1,030","3,0",4,"9,9","2,538","2,5",4,"30,7","4,499","0,0","7,7",0,"0,340","30,1",51,50,1
39,4,1,2,3,"60,0","11,220","0,102",7,"16,3","3,456","2,3",3,"13,8","2,532","4,6",1,"5,7","0,717","5,7",7,"20,7","3,807","0,0","3,0",0,"0,378","23,1",35,39,3
144,20,3,1,4,"60,0","11,192","0,031",2,"0,5","0,102","0,3",3,"12,3","2,308","4,1",3,"12,9","2,553","4,3",5,"13,7","2,305","1,9","2,7",1,"0,397","27,1",23,45,2
206,30,5,3,1,"60,0","11,177","0,002",5,"31,1","5,209","6,2",3,"17,1","2,237","5,7",3,"4,6","1,512","1,5",3,"7,3","2,220","2,4","2,4",0,"0,545","29,7",12,50,"0,00"
109,32,6,3,1,"47,6","11,166","0,073",6,"16,2","4,426","2,7",2,"1,3","0,274","0,7",2,"4,9","1,220","2,5",7,"25,2","5,247","3,4","3,6",0,"0,253","25,0",53,53,"1,00"
214,27,5,4,1,"60,0","11,115","0,080",6,"28,1","3,949","4,7",5,"15,8","3,818","3,2",3,"6,1","1,551","2,0",4,"10,0","1,797","11,4","2,5",0,"0,480","33,0",17,55,"2,00"
188,30,5,2,3,"60,0","11,069","0,063",5,"17,2","3,473","3,4",5,"31,0","4,672","6,2",3,"7,1","1,720","2,4",3,"4,7","1,204","0,9","1,6",0,"0,574","33,4",8,56,"0,00"
146,21,3,1,2,"60,0","11,006","0,090",0,"0,0","0,000","0,0",2,"8,5","1,298","4,2",3,"5,4","1,264","1,8",7,"27,0","5,003","0,0","3,9",0,"0,380","28,3",45,47,0
24,6,1,1,4,"60,0","10,880","0,023",5,"32,8","5,184","6,6",1,"0,2","0,000","0,2",3,"6,9","1,612","2,3",7,"17,7","3,534","0,0","2,5",1,"0,350","32,9",30,55,3
61,2,1,4,1,"48,5","10,828","0,027",2,"1,9","0,460","0,9",0,"0,0","0,000","0,0",7,"17,2","4,824","2,5",9,"25,8","4,556","0,0","2,9",1,"0,224","23,4",53,48,2
163,19,3,3,3,"60,0","10,773","0,044",0,"0,0","0,000","0,0",4,"10,4","2,307","2,6",3,"7,3","1,565","2,4",6,"26,0","3,226","9,9","4,3",4,"0,366","21,5",43,36,0
45,6,1,2,1,"60,0","10,738","0,102",5,"39,6","4,483","7,9",1,"1,1","0,510","1,1",7,"10,2","3,482","1,5",4,"5,2","1,774","6,8","1,3",0,"0,410","12,2",9,20,1
19,15,2,1,3,"60,0","10,617","0,029",0,"0,0","0,000","0,0",5,"11,9","1,966","2,4",4,"13,0","2,120","3,2",3,"19,9","3,521","4,8","6,6",0,"0,417","31,6",33,53,1
49,7,1,2,1,"54,1","10,612","0,015",4,"16,9","3,133","4,2",2,"3,2","1,532","1,6",1,"3,7","0,773","3,7",6,"27,5","4,194","0,0","4,6",1,"0,331","24,0",51,44,0
94,9,1,1,3,"60,0","10,567","0,074",4,"9,9","1,834","2,5",3,"12,4","1,902","4,1",4,"17,6","2,902","4,4",5,"16,3","3,190","3,1","3,3",0,"0,403","31,1",27,52,3
16,4,1,1,4,"60,0","10,455","0,060",6,"19,3","3,929","3,2",2,"6,2","0,961","3,1",1,"6,0","0,950","6,0",5,"22,3","3,868","0,0","4,5",0,"0,325","27,1",37,45,3
87,16,2,3,3,"60,0","10,454","0,023",0,"0,0","0,000","0,0",3,"12,3","1,796","4,1",4,"9,7","2,293","2,4",5,"25,3","4,188","0,0","5,1",1,"0,351","30,3",42,51,0
76,39,7,4,4,"56,8","10,362","0,046",5,"20,2","3,494","4,0",3,"4,8","1,115","1,6",3,"10,3","2,262","3,4",5,"21,5","3,491","1,3","4,3",1,"0,289","27,1",38,48,"3,00"
99,34,6,2,2,"60,0","10,322","0,098",3,"5,5","0,930","1,8",4,"9,9","1,609","2,5",5,"21,6","4,265","4,3",5,"23,0","3,518","0,0","4,6",0,"0,361","31,0",38,52,"3,00"
56,39,7,3,4,"56,6","10,317","0,043",5,"20,1","3,576","4,0",3,"4,7","1,062","1,6",4,"10,4","2,268","2,6",6,"21,4","3,412","1,2","3,6",1,"0,289","26,8",38,47,"4,00"
47,14,2,2,3,"59,8","10,207","0,050",0,"0,0","0,000","0,0",4,"5,5","0,984","1,4",7,"18,7","3,516","2,7",5,"30,2","4,564","3,1","6,0",1,"0,327","29,0",51,48,3
109,14,2,4,1,"44,1","10,180","0,050",2,"0,3","0,000","0,2",4,"4,3","1,166","1,1",5,"16,6","3,886","3,3",6,"15,2","2,614","1,8","2,5",0,"0,272","19,7",34,45,4
40,12,2,2,4,"60,0","10,129","0,083",2,"0,3","0,095","0,2",3,"16,1","2,755","5,4",2,"7,0","1,051","3,5",4,"14,9","2,555","2,5","3,7",0,"0,473","27,4",25,46,2
26,8,1,1,2,"45,5","10,081","0,028",2,"5,7","2,137","2,9",2,"3,7","1,004","1,8",4,"11,6","3,088","2,9",4,"22,4","3,410","0,0","5,6",0,"0,286","20,5",49,45,0
252,22,4,2,2,"52,2","10,039","0,036",2,"7,3","1,936","3,6",3,"18,3","4,460","6,1",4,"8,2","2,082","2,1",3,"18,4","1,562","0,8","6,1",0,"0,402","21,3",35,41,"3,00"
97,11,2,4,1,"60,0","10,010","0,026",0,"0,0","0,000","0,0",2,"3,4","0,536","1,7",5,"23,6","4,006","4,7",3,"17,9","3,062","11,9","6,0",0,"0,361","32,0",30,53,0
3,1,1,1,3,"60,0","9,946","0,080",3,"11,9","1,975","4,0",1,"0,1","0,000","0,1",3,"7,8","1,250","2,6",5,"39,2","6,485","1,9","7,8",0,"0,277","12,5",65,21,0
113,33,6,3,1,"31,5","9,940","0,072",4,"7,4","2,635","1,8",2,"3,3","1,357","1,6",3,"6,2","2,349","2,1",5,"14,6","3,600","1,7","2,9",1,"0,329","14,1",46,45,"3,00"
162,29,5,1,1,"60,0","9,934","0,064",1,"2,5","0,885","2,5",5,"17,3","3,392","3,5",6,"35,0","4,303","5,8",2,"5,3","1,354","5,8","2,6",0,"0,555","24,1",9,40,"0,00"
4,1,1,1,4,"60,0","9,921","0,088",3,"10,9","1,736","3,6",0,"0,0","0,000","0,0",3,"7,8","1,188","2,6",5,"38,3","6,278","2,5","7,7",0,"0,274","11,9",64,20,1
90,17,2,3,2,"50,0","9,844","0,055",0,"0,0","0,000","0,0",2,"11,4","1,355","5,7",4,"13,6","2,771","3,4",4,"12,5","2,973","7,8","3,1",1,"0,485","23,3",25,47,0
129,11,2,5,1,,"9,784","0,067",0,"0,0","0,000","0,0",2,"7,9","1,712","4,0",5,"34,9","4,531","7,0",3,"11,5","2,334","12,4","3,8",0,"0,413","21,7",19,36,1
19,40,7,1,3,"60,0","9,784","0,055",4,"14,7","1,883","3,7",6,"26,2","4,159","4,4",4,"13,5","2,602","3,4",2,"5,6","1,141","5,6","2,8",0,"0,532","30,1",9,50,"4,00"
18,40,7,1,2,"60,0","9,725","0,106",3,"21,7","2,804","7,2",3,"14,0","2,096","4,7",3,"12,1","2,220","4,0",3,"12,2","2,606","0,7","4,1",0,"0,492","23,8",20,40,"1,00"
2,11,2,1,2,"60,0","9,666","0,084",0,"0,0","0,000","0,0",4,"13,1","2,240","3,3",3,"11,8","2,078","3,9",2,"5,8","1,425","0,0","2,9",0,"0,529","27,9",10,47,0
45,37,7,3,1,"38,1","9,630","0,080",5,"6,8","1,843","1,4",6,"8,9","2,907","1,5",5,"11,7","3,418","2,3",4,"10,7","1,462","2,8","2,7",1,"0,318","18,6",28,49,"6,00"
99,11,2,4,3,"60,0","9,615","0,062",0,"0,0","0,000","0,0",5,"19,5","2,255","3,9",4,"19,6","3,309","4,9",2,"8,2","1,708","15,3","4,1",0,"0,546","27,3",14,46,1
43,5,1,2,3,"60,0","9,614","0,054",3,"6,7","2,037","2,2",4,"4,6","1,070","1,1",4,"14,0","2,827","3,5",3,"30,9","2,819","5,3","10,3",0,"0,308","28,6",52,48,4
138,19,3,1,2,"60,0","9,609","0,081",0,"0,0","0,000","0,0",4,"13,4","2,271","3,3",3,"12,2","2,240","4,1",2,"5,8","1,365","0,0","2,9",0,"0,524","28,0",10,47,0
65,37,7,4,1,"39,1","9,581","0,079",5,"6,5","1,817","1,3",6,"9,1","2,997","1,5",5,"11,7","3,275","2,3",4,"11,8","1,491","2,6","2,9",1,"0,305","18,1",30,46,"5,00"
253,22,4,2,3,"60,0","9,550","0,102",4,"20,3","2,896","5,1",3,"10,2","1,708","3,4",4,"15,3","2,363","3,8",4,"14,2","2,582","15,6","3,6",0,"0,436","33,1",24,55,"0,00"
160,28,5,1,3,"60,0","9,528","0,039",3,"10,6","1,057","3,5",5,"22,5","3,636","4,5",5,"18,8","3,576","3,8",3,"8,1","1,260","7,5","2,7",0,"0,553","31,0",13,52,"3,00"
27,8,1,1,3,"60,0","9,487","0,035",2,"2,6","2,338","1,3",1,"3,5","0,993","3,5",5,"34,7","3,065","6,9",5,"15,5","1,357","0,0","3,1",1,"0,531","8,3",26,14,0
36,11,2,2,4,"60,0","9,450","0,104",0,"0,0","0,000","0,0",5,"21,0","2,527","4,2",3,"16,7","3,059","5,6",2,"8,8","1,661","33,8","4,4",0,"0,542","31,3",15,52,1
92,32,6,2,3,"43,2","9,429","0,058",2,"3,5","1,006","1,8",3,"13,1","3,329","4,4",4,"10,8","2,696","2,7",3,"15,8","2,398","15,6","5,3",0,"0,355","18,5",37,43,"2,00"
14,4,1,1,2,"60,0","9,399","0,021",2,"4,6","1,247","2,3",2,"3,7","0,822","1,8",4,"11,1","2,736","2,8",5,"37,7","3,795","0,0","7,5",0,"0,304","29,6",63,49,2
70,12,2,3,2,"60,0","9,378","0,021",0,"0,0","0,000","0,0",4,"20,0","1,799","5,0",4,"14,0","2,696","3,5",3,"15,4","2,648","3,4","5,1",0,"0,460","29,9",26,50,1
62,18,2,2,2,"44,4","9,370","0,046",2,"0,3","0,152","0,2",3,"5,1","1,437","1,7",3,"3,8","1,213","1,3",5,"19,9","3,484","1,2","4,0",2,"0,352","19,3",45,43,2
93,18,2,3,1,"50,3","9,367","0,027",1,"0,2","0,066","0,2",5,"5,3","1,286","1,1",4,"11,6","2,435","2,9",5,"23,5","3,276","0,0","4,7",1,"0,318","19,1",47,38,2
7,37,7,1,3,"60,0","9,270","0,022",1,"2,3","0,792","2,3",1,"2,7","0,892","2,7",5,"28,3","3,253","5,7",4,"26,7","4,333","1,4","6,7",0,"0,301","29,0",45,48,"2,00"
20,40,7,1,4,"60,0","9,185","0,023",5,"20,5","3,106","4,1",2,"9,6","1,597","4,8",2,"11,4","1,384","5,7",5,"18,6","3,098","0,0","3,7",0,"0,431","30,3",31,51,"1,00"
209,30,5,3,4,"60,0","9,180","0,035",4,"22,3","3,205","5,6",2,"2,3","0,489","1,2",3,"9,7","2,147","3,2",4,"25,6","3,338","8,8","6,4",0,"0,297","25,4",43,42,"1,00"
147,21,3,1,3,"60,0","9,108","0,074",0,"0,0","0,000","0,0",4,"10,2","1,945","2,6",3,"13,3","2,555","4,4",4,"11,2","2,000","19,8","2,8",0,"0,411","28,4",19,47,0
71,12,2,3,3,"60,0","9,012","0,023",1,"0,2","0,086","0,2",2,"7,4","0,986","3,7",2,"12,6","1,627","6,3",3,"28,1","4,045","5,7","9,4",1,"0,399","32,8",47,55,1
106,10,1,2,3,"60,0","9,006","0,031",1,"1,7","1,151","1,7",1,"0,2","0,032","0,2",4,"11,6","2,242","2,9",4,"45,1","5,271","0,0","11,3",0,"0,325","25,5",75,43,0
65,3,1,4,1,"39,5","8,954","0,056",5,"8,2","2,470","1,6",3,"3,8","1,233","1,3",3,"4,2","1,235","1,4",7,"18,8","3,149","4,6","2,7",1,"0,220","19,2",48,49,1
100,9,1,2,1,"37,0","8,780","0,042",1,"5,0","0,742","5,0",3,"5,2","0,849","1,7",5,"9,6","3,824","1,9",4,"15,3","2,500","0,0","3,8",1,"0,387","18,5",41,50,0
130,12,2,5,1,,"8,768","0,071",0,"0,0","0,000","0,0",2,"6,0","1,136","3,0",4,"22,1","3,996","5,5",4,"25,0","2,230","9,2","6,2",0,"0,423","38,4",42,65,1
38,12,2,2,2,"60,0","8,685","0,090",1,"0,2","0,059","0,2",2,"12,1","1,577","6,1",3,"16,0","2,342","5,3",4,"20,1","2,697","0,0","5,0",0,"0,465","28,9",34,48,1
15,39,7,1,3,"60,0","8,641","0,077",3,"22,4","2,623","7,5",1,"0,5","0,050","0,5",2,"6,8","1,486","3,4",5,"30,4","4,481","5,9","6,1",0,"0,291","29,1",51,49,"0,00"
86,16,2,3,2,"38,4","8,626","0,009",1,"0,3","0,055","0,3",7,"10,9","1,952","1,6",5,"8,4","2,394","1,7",4,"11,4","2,273","0,0","2,9",1,"0,377","18,1",30,47,2
104,12,2,4,4,"60,0","8,609","0,133",0,"0,0","0,000","0,0",2,"17,6","1,652","8,8",4,"20,8","2,565","5,2",3,"11,3","2,466","8,1","3,8",0,"0,557","34,7",19,58,0
248,25,4,1,2,"60,0","8,574","0,112",3,"4,3","1,076","1,4",4,"41,2","4,246","10,3",3,"7,0","1,528","2,3",2,"7,5","1,723","0,8","3,7",0,"0,620","28,4",13,47,"0,00"
15,4,1,1,3,"47,1","8,571","0,093",3,"7,7","1,872","2,6",2,"7,0","1,218","3,5",3,"15,6","3,536","5,2",4,"14,5","1,450","3,8","3,6",0,"0,393","24,0",31,51,1
116,15,2,4,4,"41,2","8,566","0,055",0,"0,0","0,000","0,0",0,"0,0","0,000","0,0",5,"14,2","2,836","2,8",7,"15,0","2,946","1,8","2,1",0,"0,205","20,0",36,49,1
5,37,7,1,1,"36,5","8,550","0,080",4,"9,4","2,608","2,4",2,"11,7","2,889","5,8",2,"6,5","1,785","3,2",4,"9,0","1,268","11,9","2,2",0,"0,372","19,0",25,52,"0,00"
84,7,1,4,4,"48,1","8,537","0,049",2,"3,5","0,805","1,7",1,"0,4","0,079","0,4",6,"14,5","2,996","2,4",5,"25,4","3,501","6,1","5,1",0,"0,205","25,0",53,52,0
100,11,2,4,4,"60,0","8,441","0,078",0,"0,0","0,000","0,0",3,"9,1","1,330","3,0",3,"20,0","2,470","6,7",3,"17,3","2,291","6,5","5,8",0,"0,434","35,1",29,59,0
155,27,5,1,2,"60,0","8,392","0,118",4,"32,8","2,759","8,2",4,"6,4","1,257","1,6",5,"9,0","2,157","1,8",6,"11,8","2,220","0,0","2,0",0,"0,327","30,3",20,51,"2,00"
89,17,2,3,1,"60,0","8,391","0,102",0,"0,0","0,000","0,0",5,"10,1","1,660","2,0",2,"18,7","1,945","9,3",3,"14,8","2,044","0,0","4,9",0,"0,488","32,3",25,54,1
10,38,7,1,2,"47,5","8,391","0,025",3,"7,8","2,098","2,6",0,"0,0","0,000","0,0",3,"7,6","1,240","2,5",7,"32,2","5,052","0,0","4,6",0,"0,223","24,6",68,52,"1,00"
228,30,5,4,3,"52,0","8,348","0,080",3,"31,5","3,721","10,5",2,"2,0","0,695","1,0",3,"4,8","1,257","1,6",4,"13,7","2,675","2,1","3,4",0,"0,327","25,4",26,49,"0,00"
121,17,2,4,1,"51,0","8,348","0,027",0,"0,0","0,000","0,0",4,"3,3","1,005","0,8",3,"21,5","4,075","7,2",3,"21,5","1,809","0,0","7,2",1,"0,358","25,8",42,51,1
161,28,5,1,4,"60,0","8,342","0,116",1,"13,0","1,824","13,0",1,"10,0","1,817","10,0",3,"29,0","3,260","9,7",3,"8,0","1,442","0,0","2,7",0,"0,503","31,4",13,52,"1,00"
121,35,6,3,1,"33,0","8,340","0,064",5,"8,5","2,469","1,7",5,"9,7","3,148","1,9",3,"4,9","1,441","1,6",3,"9,9","1,283","13,5","3,3",1,"0,348","14,8",30,45,"4,00"
57,40,7,3,1,"34,0","8,309","0,090",4,"10,6","2,491","2,6",4,"6,9","1,955","1,7",2,"6,2","1,851","3,1",3,"10,3","2,012","15,5","3,4",1,"0,444","16,5",30,49,"1,00"
275,25,4,3,1,"28,1","8,202","0,065",3,"5,7","1,599","1,9",2,"5,8","1,765","2,9",3,"6,9","2,370","2,3",4,"9,8","2,468","1,7","2,5",1,"0,367","12,3",35,44,"0,00"
30,18,2,1,2,"60,0","8,166","0,051",0,"0,0","0,000","0,0",3,"2,8","0,841","0,9",2,"2,1","0,565","1,0",7,"19,3","2,746","0,0","2,8",0,"0,373","31,1",32,52,0
35,2,1,2,3,"38,4","8,156","0,045",3,"5,9","1,453","2,0",2,"2,1","0,515","1,0",3,"4,3","1,269","1,4",6,"23,7","4,239","0,0","4,0",0,"0,155","15,2",62,40,2
77,40,7,4,1,"33,6","8,116","0,075",4,"11,1","2,481","2,8",3,"6,1","1,799","2,0",2,"6,1","1,865","3,1",3,"10,2","1,971","15,2","3,4",1,"0,441","16,3",30,49,"1,00"
101,9,1,2,2,"47,5","8,026","0,053",3,"7,3","1,722","2,4",1,"3,5","0,871","3,5",2,"3,4","1,113","1,7",5,"30,2","3,209","4,5","6,0",1,"0,195","15,7",64,33,0
244,24,4,1,2,"60,0","8,017","0,106",3,"23,9","1,981","8,0",1,"10,2","0,950","10,2",3,"13,5","2,585","4,5",4,"12,4","2,502","3,4","3,1",0,"0,384","21,8",21,36,"2,00"
272,24,4,3,2,"38,8","7,897","0,031",3,"8,1","2,286","2,7",2,"4,4","1,187","2,2",3,"11,6","2,369","3,9",5,"14,6","2,054","0,0","2,9",1,"0,343","14,5",38,37,"1,00"
115,33,6,3,3,"34,5","7,791","0,092",3,"7,2","2,008","2,4",2,"2,3","0,697","1,2",4,"7,7","1,873","1,9",6,"17,4","3,214","1,8","2,9",0,"0,240","16,1",50,47,"1,00"
264,22,4,3,2,"37,9","7,663","0,050",4,"6,9","1,430","1,7",4,"7,9","1,722","2,0",5,"8,2","2,430","1,6",5,"14,9","2,080","1,8","3,0",1,"0,355","17,3",39,46,"1,00"
143,35,6,4,3,"36,6","7,650","0,098",2,"4,7","1,090","2,4",2,"4,7","1,315","2,4",4,"10,9","2,724","2,7",4,"16,2","2,522","2,0","4,1",0,"0,260","17,7",44,48,"3,00"
58,17,2,2,2,"60,0","7,620","0,136",1,"0,2","0,125","0,2",4,"22,4","0,847","5,6",2,"11,0","1,691","5,5",3,"13,6","1,845","0,0","4,5",0,"0,502","15,4",23,26,2
39,12,2,2,3,"60,0","7,594","0,132",0,"0,0","0,000","0,0",2,"21,4","2,187","10,7",3,"14,6","1,330","4,9",3,"15,6","2,282","3,7","5,2",0,"0,506","33,2",26,55,0
166,20,3,3,2,"36,2","7,563","0,046",0,"0,0","0,000","0,0",7,"6,3","1,398","0,9",3,"7,3","1,731","2,4",3,"11,5","1,759","5,3","3,8",0,"0,270","17,1",32,47,3
241,23,4,1,3,"41,1","7,543","0,056",2,"6,8","1,786","3,4",2,"7,4","1,792","3,7",3,"9,8","1,939","3,3",3,"17,1","2,025","6,6","5,7",1,"0,456","17,6",42,43,"1,00"
288,24,4,4,2,"31,2","7,533","0,113",1,"2,9","0,731","2,9",3,"8,5","2,372","2,8",4,"8,4","2,287","2,1",3,"11,4","2,144","7,1","3,8",0,"0,346","16,2",37,52,"0,00"
24,16,2,1,4,"60,0","7,497","0,121",1,"0,3","0,073","0,3",1,"4,4","0,345","4,4",4,"31,1","3,859","7,8",1,"15,1","0,969","24,6","15,1",0,"0,462","35,7",25,60,1
166,30,5,1,1,"60,0","7,486","0,043",1,"4,4","0,859","4,4",3,"9,8","2,065","3,3",4,"35,7","3,255","8,9",3,"10,1","1,307","14,6","3,4",0,"0,443","30,4",17,51,"0,00"
18,15,2,1,2,"60,0","7,468","0,114",0,"0,0","0,000","0,0",3,"14,5","1,700","4,8",4,"27,7","2,809","6,9",4,"13,4","2,074","3,2","3,4",1,"0,506","26,4",22,44,0
243,24,4,1,1,"54,7","7,410","0,111",0,"0,0","0,000","0,0",1,"1,8","0,482","1,8",5,"23,4","5,415","4,7",5,"29,5","1,513","4,6","5,9",0,"0,241","25,6",54,47,"3,00"
7,2,1,1,3,"60,0","7,393","0,057",0,"0,0","0,000","0,0",2,"3,7","0,645","1,8",5,"17,8","3,487","3,6",2,"36,8","2,991","2,2","18,4",3,"0,423","16,1",61,27,1
175,19,3,4,3,"36,7","7,385","0,021",0,"0,0","0,000","0,0",1,"1,2","0,284","1,2",2,"0,8","0,127","0,4",4,"27,8","5,212","0,0","6,9",2,"0,178","16,0",76,44,0
120,34,6,3,4,"41,7","7,362","0,036",2,"6,3","1,400","3,1",2,"6,3","1,431","3,2",3,"13,5","2,712","4,5",4,"15,6","1,819","0,0","3,9",0,"0,334","18,0",37,43,"1,00"
79,6,1,4,3,"60,0","7,359","0,040",2,"2,8","0,571","1,4",1,"0,3","0,035","0,3",4,"5,2","1,172","1,3",6,"49,5","5,088","0,0","8,2",2,"0,233","25,9",83,43,1
139,19,3,1,3,"60,0","7,246","0,002",0,"0,0","0,000","0,0",3,"18,7","1,645","6,2",2,"14,3","1,802","7,2",2,"13,2","1,835","10,4","6,6",0,"0,552","29,6",22,49,0
3,11,2,1,3,"60,0","7,242","0,003",0,"0,0","0,000","0,0",3,"18,4","1,664","6,1",2,"14,0","1,745","7,0",2,"12,8","1,789","10,4","6,4",0,"0,553","30,6",21,51,0
161,19,3,3,1,"27,7","7,129","0,039",1,"0,1","0,026","0,1",2,"2,8","0,649","1,4",1,"0,8","0,273","0,8",5,"12,3","2,908","1,3","2,5",3,"0,247","11,5",44,42,2
269,23,4,3,3,"31,3","7,059","0,071",4,"9,4","2,181","2,3",4,"9,1","2,647","2,3",1,"0,1","0,056","0,1",3,"12,7","2,176","2,7","4,2",0,"0,287","13,2",41,42,"1,00"
22,6,1,1,2,"60,0","7,027","0,018",2,"40,7","1,948","20,3",3,"7,6","2,423","2,5",3,"6,8","1,627","2,3",2,"4,0","0,835","13,4","2,0",0,"0,446","19,8",7,33,1
159,21,3,2,3,"60,0","6,968","0,045",1,"0,1","0,043","0,1",4,"19,5","1,839","4,9",1,"5,0","0,871","5,0",2,"16,0","1,482","34,3","8,0",0,"0,462","27,6",27,46,2
34,2,1,2,2,"32,6","6,921","0,042",4,"5,9","1,386","1,5",0,"0,0","0,000","0,0",3,"3,3","0,707","1,1",8,"19,7","3,797","0,0","2,5",1,"0,132","12,5",60,38,0
72,12,2,3,4,"57,1","6,900","0,053",1,"0,5","0,102","0,5",2,"8,4","0,920","4,2",3,"22,0","2,397","7,3",3,"13,3","2,073","0,0","4,4",1,"0,481","29,3",23,51,1
84,15,2,3,4,"53,5","6,894","0,018",2,"0,5","0,160","0,3",3,"10,7","0,797","3,6",1,"3,1","0,800","3,1",3,"27,6","2,207","0,0","9,2",1,"0,400","23,1",52,43,2
129,32,6,4,1,"26,1","6,848","0,095",4,"9,1","2,682","2,3",2,"2,9","0,870","1,4",2,"2,1","0,589","1,0",4,"12,1","2,707","2,3","3,0",1,"0,237","12,6",46,48,"1,00"
95,18,2,3,3,"40,1","6,820","0,034",0,"0,0","0,000","0,0",1,"0,9","0,142","0,9",2,"4,5","0,734","2,2",4,"29,8","4,916","1,1","7,4",1,"0,170","18,7",74,47,0
74,5,1,4,2,"60,0","6,707","0,042",1,"9,9","0,197","9,9",0,"0,0","0,000","0,0",5,"12,7","3,372","2,5",5,"35,7","2,688","2,7","7,1",0,"0,293","26,5",60,44,3
168,20,3,3,4,"34,1","6,604","0,080",0,"0,0","0,000","0,0",4,"6,0","1,320","1,5",3,"7,4","1,206","2,5",5,"12,5","2,009","2,5","2,5",1,"0,273","16,5",37,48,0
100,34,6,2,3,"43,1","6,582","0,089",2,"13,6","2,067","6,8",2,"7,4","1,563","3,7",4,"6,2","1,205","1,5",4,"16,0","1,748","6,9","4,0",1,"0,334","20,5",37,48,"2,00"
77,6,1,4,1,"60,0","6,489","0,057",0,"0,0","0,000","0,0",1,"3,6","0,943","3,6",6,"19,7","3,591","3,3",7,"30,0","1,363","1,3","4,3",0,"0,399","27,8",50,46,0
85,16,2,3,1,"26,6","6,446","0,090",1,"0,1","0,000","0,1",1,"1,6","0,550","1,6",2,"7,8","1,993","3,9",4,"9,8","2,049","4,3","2,5",2,"0,330","12,0",37,45,2
102,12,2,4,2,"60,0","6,429","0,125",0,"0,0","0,000","0,0",2,"14,2","1,557","7,1",2,"34,9","2,712","17,5",1,"2,5","0,604","35,2","2,5",0,"0,591","36,4",4,61,0
194,27,5,3,1,"60,0","6,397","0,067",4,"32,2","2,516","8,1",4,"20,3","2,701","5,1",2,"2,0","0,338","1,0",2,"5,5","0,842","1,4","2,7",0,"0,401","30,3",9,51,"0,00"
32,1,1,2,4,"21,1","6,394","0,042",4,"7,1","2,938","1,8",0,"0,0","0,000","0,0",0,"0,0","0,000","0,0",4,"13,1","3,224","1,4","3,3",1,"0,215","7,6",62,36,0
87,31,6,2,2,"37,6","6,354","0,056",3,"10,1","2,101","3,4",2,"1,6","0,200","0,8",3,"7,1","1,349","2,4",4,"18,8","2,704","9,9","4,7",0,"0,200","17,1",50,45,"1,00"
42,13,2,2,2,"60,0","6,314","0,158",0,"0,0","0,000","0,0",2,"2,2","0,239","1,1",3,"36,2","3,196","12,1",1,"18,6","2,519","1,8","18,6",0,"0,471","35,5",31,59,0
10,13,2,1,2,"60,0","6,291","0,138",0,"0,0","0,000","0,0",2,"19,7","1,475","9,9",1,"7,2","0,811","7,2",2,"15,2","2,018","0,0","7,6",0,"0,543","25,6",25,43,0
208,30,5,3,3,"35,7","6,247","0,096",4,"13,8","2,494","3,5",3,"5,0","0,852","1,7",3,"6,5","1,350","2,2",4,"10,4","1,551","5,7","2,6",1,"0,320","16,1",29,45,"0,00"
173,19,3,4,1,"33,9","6,240","0,013",0,"0,0","0,000","0,0",2,"1,8","0,523","0,9",2,"5,9","1,110","3,0",5,"11,5","2,510","0,0","2,3",2,"0,290","15,4",34,45,0
182,29,5,2,1,"60,0","6,229","0,147",3,"5,7","1,060","1,9",4,"23,9","2,345","6,0",4,"27,1","2,744","6,8",2,"3,2","0,079","44,9","1,6",0,"0,512","27,5",5,46,"2,00"
101,34,6,2,4,"47,0","6,220","0,057",4,"18,3","2,798","4,6",3,"6,7","0,871","2,2",1,"1,1","0,133","1,1",3,"20,8","2,418","0,0","6,9",0,"0,286","22,1",44,47,"2,00"
15,14,2,1,3,"60,0","6,129","0,166",1,"0,2","0,040","0,2",1,"1,5","0,202","1,5",1,"29,3","1,200","29,3",4,"11,9","1,852","0,0","3,0",1,"0,425","26,0",20,43,1
213,26,5,4,4,"60,0","6,113","0,135",3,"27,9","2,169","9,3",1,"0,7","0,148","0,7",2,"6,4","0,934","3,2",3,"25,0","2,862","15,0","8,3",0,"0,278","25,2",42,42,"3,00"
114,33,6,3,2,"26,2","6,107","0,050",3,"5,7","1,655","1,9",0,"0,0","0,000","0,0",1,"2,6","0,760","2,6",5,"18,0","3,692","0,0","3,6",0,"0,179","11,7",69,45,"1,00"
250,25,4,1,4,"58,7","6,095","0,094",3,"27,0","1,681","9,0",4,"19,7","2,444","4,9",2,"7,1","1,746","3,5",1,"4,8","0,225","53,8","4,8",0,"0,529","31,1",8,53,"2,00"
210,26,5,4,1,"60,0","5,968","0,047",3,"16,7","1,538","5,6",3,"31,0","2,020","10,3",2,"6,3","1,173","3,1",3,"6,1","1,237","16,4","2,0",0,"0,475","29,5",10,49,"1,00"
73,39,7,4,1,"28,2","5,955","0,121",3,"7,0","1,407","2,3",2,"5,4","1,686","2,7",2,"1,6","0,645","0,8",3,"14,1","2,217","4,6","4,7",0,"0,304","14,1",50,50,"0,00"
43,13,2,2,3,"60,0","5,940","0,120",0,"0,0","0,000","0,0",1,"1,6","0,377","1,6",2,"13,4","1,657","6,7",3,"29,6","2,720","0,0","9,9",0,"0,348","24,1",49,40,0
54,39,7,3,2,"30,4","5,931","0,043",2,"10,0","2,368","5,0",2,"0,7","0,283","0,3",2,"5,6","1,449","2,8",3,"14,2","1,832","0,0","4,7",0,"0,270","13,2",47,43,"1,00"
141,35,6,4,1,"27,9","5,903","0,093",2,"2,2","0,437","1,1",2,"3,0","0,894","1,5",3,"8,9","2,596","3,0",3,"13,7","1,975","3,3","4,6",0,"0,225","12,5",49,45,"2,00"
74,39,7,4,2,"30,5","5,884","0,037",2,"10,0","2,499","5,0",2,"0,7","0,222","0,4",2,"5,5","1,478","2,8",3,"14,2","1,685","0,0","4,7",0,"0,269","13,0",47,43,"1,00"
82,7,1,4,2,"26,1","5,884","0,072",2,"5,8","1,097","2,9",2,"2,1","0,546","1,0",4,"7,9","1,876","2,0",4,"8,4","1,881","3,7","2,1",2,"0,253","14,0",32,54,0
53,39,7,3,1,"28,7","5,813","0,126",3,"6,6","1,229","2,2",2,"5,5","1,721","2,8",2,"1,7","0,627","0,8",3,"14,8","2,236","4,4","4,9",0,"0,293","13,4",52,47,"0,00"
57,17,2,2,1,"60,0","5,803","0,023",0,"0,0","0,000","0,0",1,"3,2","0,767","3,2",3,"20,2","1,851","6,7",2,"34,1","2,192","4,7","17,0",0,"0,341","28,6",57,48,0
103,12,2,4,3,"60,0","5,755","0,181",0,"0,0","0,000","0,0",3,"26,5","1,645","8,8",2,"18,0","1,595","9,0",1,"3,5","0,814","25,1","3,5",0,"0,643","32,9",6,55,0
75,39,7,4,3,"24,5","5,691","0,039",2,"2,4","0,483","1,2",3,"3,7","1,085","1,2",3,"12,4","2,631","4,1",3,"5,9","1,492","4,8","2,0",0,"0,363","11,4",24,47,"3,00"
22,16,2,1,2,"60,0","5,668","0,081",0,"0,0","0,000","0,0",0,"0,0","0,000","0,0",4,"38,3","4,029","9,6",3,"20,1","1,358","0,0","6,7",0,"0,406","34,2",34,57,1
50,7,1,2,2,"28,1","5,627","0,105",3,"4,6","1,153","1,5",2,"3,6","0,913","1,8",2,"5,5","1,045","2,7",3,"12,0","1,997","11,1","4,0",1,"0,291","13,7",43,49,1
73,13,2,3,1,"35,0","5,609","0,051",0,"0,0","0,000","0,0",2,"3,3","0,784","1,7",2,"5,2","1,195","2,6",4,"16,4","1,353","3,1","4,1",1,"0,347","11,8",47,34,0
176,27,5,2,3,"60,0","5,589","0,112",1,"6,9","1,071","6,9",1,"19,2","2,039","19,2",2,"19,4","1,518","9,7",2,"14,5","0,961","27,4","7,2",0,"0,400","28,3",24,47,"2,00"
67,11,2,3,3,"28,6","5,526","0,109",0,"0,0","0,000","0,0",5,"6,2","1,272","1,2",3,"5,0","1,145","1,7",2,"6,6","0,973","20,0","3,3",1,"0,466","14,7",23,51,0
112,9,1,5,1,"34,2","5,521","0,128",1,"3,3","0,731","3,3",2,"5,2","1,094","2,6",3,"9,8","1,834","3,3",2,"38,4","1,482","0,0","19,2",2,"0,353","15,7",66,27,0
34,11,2,2,2,"60,0","5,515","0,140",0,"0,0","0,000","0,0",1,"1,5","0,073","1,5",4,"39,4","3,333","9,8",2,"16,7","1,884","0,0","8,3",0,"0,515","34,2",28,57,0
152,26,5,1,3,"50,9","5,504","0,095",1,"25,1","1,340","25,1",0,"0,0","0,000","0,0",3,"10,7","1,385","3,6",3,"15,1","2,779","5,2","5,0",0,"0,352","25,7",30,50,"1,00"
51,15,2,2,3,"39,0","5,490","0,088",0,"0,0","0,000","0,0",1,"0,5","0,118","0,5",4,"16,3","3,419","4,1",3,"20,2","1,535","2,6","6,7",1,"0,329","18,2",52,47,0
55,39,7,3,3,"24,0","5,462","0,067",2,"2,6","0,403","1,3",2,"3,3","1,084","1,6",3,"12,4","2,623","4,1",3,"5,7","1,352","4,4","1,9",0,"0,364","11,3",24,47,"3,00"
140,19,3,1,4,"60,0","5,444","0,104",0,"0,0","0,000","0,0",2,"17,1","1,365","8,5",1,"12,3","0,885","12,3",2,"17,3","1,681","0,0","8,7",0,"0,514","28,7",29,48,0
4,11,2,1,4,"60,0","5,418","0,115",1,"0,2","0,028","0,2",2,"17,6","1,359","8,8",1,"12,0","0,892","12,0",2,"16,7","1,478","0,0","8,4",0,"0,523","29,2",28,49,1
31,1,1,2,3,"22,4","5,418","0,078",2,"5,2","1,558","2,6",2,"2,7","0,677","1,3",1,"1,9","0,608","1,9",2,"11,9","2,347","4,3","5,9",0,"0,216","10,0",53,45,0
78,6,1,4,2,"37,2","5,377","0,039",1,"4,2","0,706","4,2",1,"2,0","0,475","2,0",2,"4,7","1,382","2,4",3,"25,2","2,553","0,0","8,4",0,"0,255","17,4",68,47,1
285,23,4,4,3,"21,8","5,331","0,105",1,"1,8","0,531","1,8",2,"3,4","1,185","1,7",5,"4,7","1,428","0,9",4,"11,9","2,187","1,6","3,0",0,"0,179","8,1",55,37,"2,00"
164,29,5,1,3,"60,0","5,321","0,114",2,"15,8","1,209","7,9",2,"11,4","1,479","5,7",3,"10,6","1,560","3,5",2,"22,3","1,072","15,6","11,1",0,"0,360","30,0",37,50,"1,00"
39,40,7,2,3,"32,4","5,318","0,139",0,"0,0","0,000","0,0",1,"1,2","0,140","1,2",2,"19,8","2,890","9,9",2,"11,4","2,287","18,5","5,7",1,"0,379","16,8",35,52,"0,00"
256,23,4,2,2,"19,3","5,297","0,048",1,"2,1","0,826","2,1",2,"3,2","1,057","1,6",3,"6,6","2,146","2,2",3,"7,5","1,269","0,6","2,5",0,"0,358","8,1",39,42,"0,00"
23,16,2,1,3,"60,0","5,289","0,157",0,"0,0","0,000","0,0",6,"35,8","2,975","6,0",4,"9,5","1,679","2,4",1,"11,0","0,094","49,0","11,0",0,"0,573","30,5",18,51,0
92,17,2,3,4,"30,4","5,241","0,043",0,"0,0","0,000","0,0",2,"4,5","0,799","2,2",1,"3,8","0,855","3,8",3,"14,6","1,757","0,0","4,9",1,"0,327","14,8",48,49,0
20,15,2,1,4,"30,3","5,225","0,081",1,"0,2","0,000","0,2",1,"1,0","0,291","1,0",3,"10,7","2,042","3,6",3,"12,7","1,674","1,3","4,2",0,"0,276","12,8",42,42,2
16,39,7,1,4,"38,9","5,184","0,094",2,"15,4","2,385","7,7",0,"0,0","0,000","0,0",1,"3,9","0,629","3,9",3,"19,6","2,170","11,2","6,5",1,"0,261","16,9",50,43,"0,00"
103,35,6,2,2,"24,6","5,176","0,050",1,"2,0","0,602","2,0",1,"3,3","0,791","3,3",2,"7,4","1,663","3,7",3,"12,0","2,121","0,0","4,0",1,"0,330","10,5",49,43,"2,00"
265,22,4,3,3,"32,2","5,138","0,080",1,"8,5","1,445","8,5",1,"2,5","0,527","2,5",4,"6,8","1,246","1,7",4,"14,4","1,920","1,1","3,6",0,"0,281","15,0",45,47,"1,00"
47,6,1,2,3,"60,0","5,121","0,009",2,"8,4","1,714","4,2",0,"0,0","0,000","0,0",1,"2,1","0,412","2,1",4,"47,6","2,640","0,0","11,9",1,"0,224","23,7",79,39,2
150,26,5,1,1,"60,0","5,065","0,046",2,"16,8","0,912","8,4",4,"38,9","3,109","9,7",1,"4,3","1,044","4,3",0,"0,0","0,000",,"0,0",0,"0,559","27,2",0,45,"1,00"
153,26,5,1,4,"60,0","5,058","0,026",3,"32,1","1,698","10,7",1,"0,5","0,129","0,5",2,"4,1","0,724","2,0",3,"23,4","2,507","4,8","7,8",0,"0,294","22,9",39,38,"0,00"
11,38,7,1,3,"43,3","5,014","0,091",1,"0,7","0,237","0,7",3,"3,6","0,659","1,2",4,"17,8","1,852","4,5",3,"21,3","2,266","10,3","7,1",1,"0,235","20,1",49,46,"1,00"
170,21,3,3,2,"60,0","4,997","0,133",0,"0,0","0,000","0,0",2,"4,5","1,052","2,3",2,"7,3","1,757","3,7",2,"7,2","1,131","6,8","3,6",0,"0,553","19,6",12,33,0
86,31,6,2,1,"25,9","4,990","0,143",1,"3,0","0,937","3,0",2,"6,0","1,550","3,0",2,"2,6","0,859","1,3",2,"14,2","1,645","3,2","7,1",0,"0,296","11,0",55,42,"2,00"
203,29,5,3,2,"27,8","4,988","0,062",2,"5,1","1,642","2,6",2,"2,2","0,724","1,1",2,"11,5","1,234","5,7",3,"8,9","1,388","0,0","3,0",1,"0,296","11,9",32,43,"1,00"
73,5,1,4,1,"29,5","4,986","0,102",3,"3,5","1,326","1,2",2,"3,7","0,804","1,9",1,"1,8","0,523","1,8",3,"19,2","1,887","2,5","6,4",0,"0,230","15,4",65,52,0
221,28,5,4,4,"33,0","4,977","0,045",2,"6,5","1,347","3,3",0,"0,0","0,000","0,0",1,"7,0","1,297","7,0",4,"19,5","2,333","0,0","4,9",0,"0,221","12,6",59,38,"0,00"
12,38,7,1,4,"29,5","4,965","0,191",3,"6,5","0,800","2,2",0,"0,0","0,000","0,0",2,"6,4","1,348","3,2",5,"16,7","2,817","0,0","3,3",0,"0,239","11,7",57,40,"0,00"
26,17,2,1,2,"60,0","4,925","0,078",0,"0,0","0,000","0,0",1,"1,8","0,000","1,8",2,"10,4","1,682","5,2",2,"11,8","1,575","14,1","5,9",0,"0,527","28,9",20,48,0
46,14,2,2,2,"38,5","4,868","0,075",1,"0,2","0,103","0,2",1,"1,2","0,422","1,2",1,"0,3","0,115","0,3",2,"26,4","2,239","6,9","13,2",1,"0,249","14,2",69,37,1
138,34,6,4,2,"26,2","4,865","0,047",1,"2,0","0,500","2,0",1,"0,4","0,131","0,4",3,"8,4","2,182","2,8",4,"15,4","2,051","0,0","3,8",0,"0,187","12,8",59,49,"2,00"
88,31,6,2,3,"34,6","4,852","0,138",1,"1,2","0,445","1,2",2,"4,8","0,906","2,4",4,"9,6","1,290","2,4",3,"19,0","2,210","5,6","6,3",0,"0,247","17,6",55,51,"2,00"
91,7,1,5,1,"0,0","4,804","0,078",1,"2,5","0,626","2,5",0,"0,0","0,000","0,0",3,"5,7","1,280","1,9",4,"50,1","2,389","0,0","12,5",1,"0,249","11,3",84,19,2
111,32,6,3,3,"24,3","4,742","0,156",2,"5,5","1,453","2,7",2,"1,9","0,539","1,0",1,"6,6","1,313","6,6",2,"10,3","1,437","5,1","5,2",1,"0,332","11,6",42,48,"3,00"
236,22,4,1,2,"28,0","4,734","0,084",0,"0,0","0,000","0,0",1,"4,7","1,147","4,7",3,"7,2","1,721","2,4",2,"16,0","1,866","1,1","8,0",2,"0,319","11,5",57,41,"3,00"
167,30,5,1,2,"52,3","4,726","0,055",4,"24,4","1,494","6,1",0,"0,0","0,000","0,0",0,"0,0","0,000","0,0",5,"27,9","3,232","0,0","5,6",0,"0,212","23,6",53,45,"0,00"
245,24,4,1,3,"34,1","4,697","0,102",1,"5,6","1,316","5,6",0,"0,0","0,000","0,0",2,"21,1","2,478","10,5",3,"7,4","0,903","10,4","2,5",1,"0,322","14,5",22,43,"2,00"
11,13,2,1,3,"60,0","4,685","0,171",0,"0,0","0,000","0,0",1,"1,5","0,172","1,5",2,"23,4","2,128","11,7",2,"33,1","2,235","12,0","16,6",0,"0,390","39,2",55,65,0
45,14,2,2,1,"23,9","4,656","0,134",1,"0,2","0,106","0,2",3,"2,1","0,296","0,7",2,"5,1","1,690","2,6",2,"12,4","1,145","6,9","6,2",1,"0,336","8,2",52,34,2
52,7,1,2,4,"25,2","4,624","0,031",3,"7,4","1,600","2,5",0,"0,0","0,000","0,0",1,"6,0","1,149","6,0",4,"10,4","1,513","1,1","2,6",0,"0,216","10,6",41,42,1
14,39,7,1,2,"29,0","4,604","0,093",2,"7,5","1,188","3,7",0,"0,0","0,000","0,0",1,"2,1","0,374","2,1",4,"19,4","3,042","0,0","4,8",1,"0,212","14,9",67,51,"1,00"
96,18,2,3,4,"28,6","4,554","0,075",0,"0,0","0,000","0,0",2,"3,5","0,696","1,7",3,"9,1","1,329","3,0",2,"12,1","1,762","13,5","6,0",1,"0,286","14,8",42,52,1
51,7,1,2,3,"24,7","4,536","0,020",2,"6,5","1,464","3,2",0,"0,0","0,000","0,0",1,"6,0","1,121","6,0",4,"10,7","1,545","0,0","2,7",0,"0,221","10,0",43,40,1
90,6,1,5,1,,"4,521","0,172",1,"25,1","0,539","25,1",0,"0,0","0,000","0,0",2,"6,5","0,766","3,3",2,"27,1","3,120","25,2","13,5",0,"0,301","15,1",45,25,0
31,18,2,1,3,"60,0","4,507","0,205",0,"0,0","0,000","0,0",1,"0,3","0,113","0,3",1,"0,4","0,000","0,4",3,"54,1","2,244","2,9","18,0",0,"0,257","26,0",90,43,1
19,5,1,1,3,"21,6","4,495","0,171",1,"4,5","0,875","4,5",2,"3,9","1,565","1,9",1,"5,1","0,865","5,1",1,"7,2","0,100","14,4","7,2",0,"0,324","8,5",33,39,1
237,22,4,1,3,"28,7","4,450","0,138",2,"6,9","1,729","3,5",1,"2,2","0,395","2,2",1,"2,0","0,448","2,0",2,"17,5","1,878","2,0","8,8",0,"0,272","13,4",61,47,"0,00"
12,13,2,1,4,"60,0","4,440","0,082",1,"0,2","0,068","0,2",2,"28,5","1,681","14,2",1,"2,8","0,109","2,8",1,"2,6","0,533","0,0","2,6",0,"0,649","31,2",4,52,1
212,26,5,4,3,"49,2","4,418","0,187",1,"12,5","1,481","12,5",6,"1,6","0,100","0,3",7,"23,2","1,560","3,3",2,"11,8","1,276","29,5","5,9",0,"0,312","26,4",24,54,"0,00"
97,33,6,2,4,"22,0","4,369","0,107",2,"6,3","1,359","3,2",1,"3,2","0,822","3,2",2,"4,7","0,998","2,3",3,"7,8","1,190","2,6","2,6",1,"0,365","8,6",35,39,"1,00"
50,15,2,2,2,"25,7","4,300","0,048",0,"0,0","0,000","0,0",2,"1,9","0,444","1,0",1,"5,3","0,949","5,3",3,"13,6","1,765","0,0","4,5",1,"0,315","11,3",53,44,0
172,21,3,3,4,"28,1","4,298","0,169",0,"0,0","0,000","0,0",2,"2,6","0,660","1,3",2,"4,5","0,794","2,3",2,"13,0","1,661","4,0","6,5",0,"0,233","12,8",46,46,2
238,22,4,1,4,"30,7","4,277","0,149",2,"7,1","1,313","3,6",1,"5,0","0,893","5,0",1,"3,4","0,899","3,4",2,"15,2","1,173","3,6","7,6",0,"0,316","12,7",50,41,"0,00"
111,14,2,4,3,"22,2","4,267","0,053",0,"0,0","0,000","0,0",2,"1,6","0,360","0,8",3,"7,3","1,670","2,4",4,"10,2","1,428","0,0","2,5",1,"0,240","10,1",46,45,0
6,12,2,1,2,"60,0","4,260","0,132",0,"0,0","0,000","0,0",1,"21,9","0,819","21,9",2,"3,8","0,592","1,9",3,"6,7","0,658","1,9","2,2",0,"0,555","40,0",11,67,1
148,21,3,1,4,"60,0","4,235","0,140",1,"0,1","0,028","0,1",0,"0,0","0,000","0,0",3,"4,1","1,243","1,4",2,"40,1","0,443","5,7","20,0",0,"0,304","18,9",67,32,1
76,13,2,3,4,"24,3","4,156","0,120",1,"0,2","0,077","0,2",1,"4,3","0,939","4,3",1,"4,1","0,728","4,1",2,"10,6","1,285","4,3","5,3",1,"0,327","11,6",44,48,2
157,27,5,1,4,"35,6","4,112","0,095",2,"4,0","0,334","2,0",1,"4,3","0,520","4,3",2,"10,7","1,756","5,4",3,"16,5","1,502","0,7","5,5",0,"0,289","15,4",46,43,"0,00"
169,30,5,1,4,"27,1","4,071","0,182",2,"6,9","0,989","3,4",1,"2,7","0,817","2,7",1,"4,7","0,955","4,7",2,"12,8","1,310","8,3","6,4",0,"0,330","13,4",47,49,"0,00"
93,32,6,2,4,"23,9","3,967","0,101",2,"6,4","1,059","3,2",1,"3,6","0,875","3,6",1,"3,7","1,060","3,7",2,"10,3","0,973","0,8","5,1",1,"0,329","12,4",43,52,"2,00"
127,18,2,4,3,"21,0","3,962","0,086",0,"0,0","0,000","0,0",1,"0,5","0,119","0,5",4,"9,4","2,252","2,4",3,"9,4","1,236","0,0","3,1",1,"0,251","8,4",45,40,1
104,35,6,2,3,"19,0","3,959","0,090",1,"1,6","0,498","1,6",1,"3,2","0,850","3,2",2,"4,8","1,229","2,4",2,"9,4","1,382","3,1","4,7",0,"0,278","7,6",49,40,"1,00"
251,22,4,2,1,"25,0","3,890","0,203",2,"6,6","1,715","3,3",1,"4,2","0,910","4,2",1,"1,2","0,407","1,2",2,"13,0","0,857","2,8","6,5",1,"0,311","9,8",52,39,"0,00"
167,20,3,3,3,"24,1","3,832","0,084",1,"0,1","0,028","0,1",3,"2,9","0,649","1,0",3,"12,1","1,226","4,0",1,"2,0","0,407","10,9","2,0",1,"0,405","8,8",8,37,3
81,15,2,3,1,"20,1","3,787","0,040",0,"0,0","0,000","0,0",2,"2,1","0,510","1,0",2,"6,6","1,297","3,3",2,"8,6","1,005","0,0","4,3",2,"0,281","7,4",43,37,1
7,12,2,1,3,"60,0","3,751","0,275",0,"0,0","0,000","0,0",1,"18,4","0,839","18,4",2,"5,1","0,705","2,6",1,"5,4","0,821","24,1","5,4",0,"0,592","23,6",9,39,0
3,36,7,1,3,"34,9","3,666","0,197",1,"5,4","0,361","5,4",0,"0,0","0,000","0,0",2,"11,5","1,511","5,7",3,"18,0","1,795","7,7","6,0",2,"0,309","17,5",52,50,"1,00"
163,29,5,1,2,"38,4","3,654","0,070",1,"2,7","0,466","2,7",0,"0,0","0,000","0,0",1,"7,2","0,991","7,2",3,"28,5","2,197","0,0","9,5",0,"0,152","16,7",74,43,"1,00"
216,27,5,4,3,"60,0","3,644","0,225",1,"53,7","2,656","53,7",0,"0,0","0,000","0,0",1,"2,9","0,438","2,9",1,"3,3","0,549","2,9","3,3",0,"0,318","23,7",6,39,"2,00"
46,6,1,2,2,"27,4","3,531","0,151",1,"1,0","0,203","1,0",0,"0,0","0,000","0,0",3,"9,2","1,411","3,1",2,"14,7","1,659","10,3","7,3",0,"0,268","13,6",54,50,0
277,25,4,3,3,"15,0","3,515","0,088",1,"3,0","0,864","3,0",1,"2,3","0,529","2,3",3,"3,3","1,024","1,1",3,"6,5","1,097","0,6","2,2",1,"0,303","6,1",43,41,"1,00"
41,5,1,2,1,"19,3","3,466","0,129",2,"9,1","1,884","4,5",1,"2,0","0,619","2,0",1,"1,1","0,346","1,1",2,"5,6","0,098","9,2","2,8",0,"0,266","5,6",29,29,0
154,27,5,1,1,"26,9","3,461","0,223",2,"5,4","1,032","2,7",2,"11,2","1,917","5,6",0,"0,0","0,000","0,0",1,"10,3","0,512","16,6","10,3",0,"0,376","12,6",38,47,"0,00"
56,8,1,2,4,"21,5","3,433","0,169",1,"3,3","0,590","3,3",0,"0,0","0,000","0,0",1,"1,5","0,425","1,5",3,"14,9","2,080","3,4","5,0",1,"0,210","9,4",69,44,0
290,24,4,4,4,"21,2","3,415","0,129",2,"3,6","0,734","1,8",1,"0,4","0,063","0,4",2,"6,3","1,272","3,1",3,"11,0","1,347","1,2","3,7",0,"0,198","10,1",52,48,"2,00"
125,31,6,4,1,"17,2","3,404","0,186",2,"5,3","1,054","2,6",2,"3,5","1,025","1,7",2,"2,5","0,609","1,2",2,"5,9","0,716","9,7","3,0",1,"0,322","7,4",34,43,"0,00"
168,30,5,1,3,"24,1","3,396","0,202",1,"2,5","0,271","2,5",0,"0,0","0,000","0,0",2,"6,6","0,968","3,3",3,"15,1","2,157","1,6","5,0",0,"0,232","11,3",63,47,"0,00"
200,28,5,3,3,"25,4","3,393","0,225",0,"0,0","0,000","0,0",0,"0,0","0,000","0,0",2,"9,4","1,420","4,7",2,"16,0","1,973","4,3","8,0",1,"0,230","14,0",63,55,"0,00"
224,29,5,4,3,"26,8","3,375","0,237",3,"6,6","1,332","2,2",2,"5,3","1,062","2,7",1,"0,7","0,075","0,7",2,"14,2","0,905","2,6","7,1",1,"0,251","7,4",53,28,"0,00"
63,18,2,2,3,"18,1","3,364","0,173",0,"0,0","0,000","0,0",1,"1,6","0,435","1,6",2,"1,3","0,186","0,6",3,"9,0","1,164","3,3","3,0",1,"0,286","8,3",50,46,0
28,17,2,1,4,"23,6","3,291","0,077",0,"0,0","0,000","0,0",0,"0,0","0,000","0,0",1,"2,7","0,548","2,7",3,"16,8","2,123","0,0","5,6",0,"0,200","10,5",71,44,0
158,21,3,2,2,"60,0","3,241","0,206",1,"0,1","0,053","0,1",0,"0,0","0,000","0,0",1,"0,7","0,188","0,7",2,"52,7","1,851","3,4","26,4",0,"0,256","22,8",88,38,1
105,31,6,3,1,"16,2","3,235","0,246",2,"5,0","1,098","2,5",1,"1,3","0,395","1,3",2,"4,6","1,158","2,3",3,"5,3","0,584","3,8","1,8",2,"0,294","7,6",33,47,"1,00"
123,17,2,4,3,"21,1","3,217","0,022",1,"0,2","0,050","0,2",0,"0,0","0,000","0,0",1,"2,1","0,320","2,1",4,"13,2","1,525","0,0","3,3",1,"0,178","7,9",63,37,1
68,37,7,4,4,"21,8","3,213","0,139",2,"13,1","1,928","6,6",0,"0,0","0,000","0,0",0,"0,0","0,000","0,0",2,"8,7","1,286","10,5","4,3",0,"0,220","10,5",40,48,"0,00"
48,37,7,3,4,"22,3","3,167","0,125",2,"12,5","1,868","6,3",0,"0,0","0,000","0,0",0,"0,0","0,000","0,0",2,"9,7","1,299","9,9","4,9",0,"0,208","10,5",43,47,"0,00"
226,30,5,4,1,"14,1","3,157","0,259",2,"5,5","1,547","2,7",2,"4,6","1,225","2,3",0,"0,0","0,000","0,0",1,"4,0","0,385","10,1","4,0",1,"0,411","7,2",28,51,"1,00"
156,27,5,1,3,"33,3","3,140","0,271",2,"9,9","1,136","4,9",2,"4,1","0,894","2,0",1,"3,6","0,660","3,6",2,"15,8","0,450","10,9","7,9",0,"0,252","18,2",47,55,"0,00"
115,15,2,4,3,"14,8","3,122","0,147",0,"0,0","0,000","0,0",0,"0,0","0,000","0,0",1,"2,2","0,702","2,2",2,"4,6","0,602","5,4","2,3",1,"0,266","6,8",31,46,0
67,3,1,4,3,"18,6","3,119","0,065",1,"2,5","0,579","2,5",1,"3,3","0,843","3,3",1,"1,9","0,545","1,9",2,"10,1","0,992","0,0","5,0",0,"0,274","8,6",54,46,0
71,4,1,4,3,"20,0","3,047","0,144",2,"3,2","0,737","1,6",2,"3,7","0,554","1,9",1,"1,6","0,303","1,6",2,"10,7","1,322","4,4","5,4",0,"0,173","8,7",53,43,0
254,22,4,2,4,"36,6","3,008","0,077",1,"12,7","1,580","12,7",0,"0,0","0,000","0,0",0,"0,0","0,000","0,0",2,"24,0","1,428","0,0","12,0",0,"0,197","16,0",66,44,"0,00"
178,20,3,4,2,"15,3","2,969","0,266",0,"0,0","0,000","0,0",0,"0,0","0,000","0,0",1,"3,9","0,704","3,9",2,"5,2","0,817","4,1","2,6",1,"0,352","6,7",34,44,0
211,26,5,4,2,"60,0","2,855","0,214",3,"29,3","1,772","9,8",2,"2,1","0,386","1,0",1,"2,9","0,587","2,9",2,"25,8","0,110","34,2","12,9",0,"0,288","28,5",43,48,"4,00"
102,9,1,2,3,"60,0","2,832","0,246",1,"0,6","1,120","0,6",1,"52,7","0,288","52,7",1,"1,6","0,130","1,6",2,"3,4","1,168","1,9","1,7",0,"0,585","3,7",6,6,0
279,22,4,4,1,"15,4","2,823","0,254",2,"1,5","0,428","0,7",2,"3,4","1,127","1,7",1,"4,0","0,792","4,0",1,"6,6","0,476","8,8","6,6",0,"0,304","7,1",43,46,"1,00"
25,37,7,2,1,"13,1","2,811","0,268",1,"0,9","0,241","0,9",1,"1,8","0,595","1,8",1,"3,8","1,135","3,8",2,"6,7","0,840","5,6","3,3",1,"0,287","6,2",51,47,"1,00"
91,17,2,3,3,"19,4","2,793","0,156",0,"0,0","0,000","0,0",2,"4,5","0,588","2,3",2,"9,2","1,689","4,6",1,"4,8","0,287","14,6","4,8",1,"0,410","8,9",25,46,0
217,27,5,4,4,"55,4","2,791","0,149",1,"41,6","1,871","41,6",1,"2,6","0,498","2,6",1,"0,2","0,051","0,2",1,"10,9","0,370","44,5","10,9",0,"0,252","19,7",20,36,"1,00"
227,30,5,4,2,"17,4","2,770","0,025",3,"6,0","1,520","2,0",1,"1,1","0,403","1,1",0,"0,0","0,000","0,0",3,"10,3","0,846","0,0","3,4",0,"0,191","5,8",59,33,"0,00"
184,21,3,4,4,"16,0","2,760","0,227",1,"0,1","0,025","0,1",2,"4,4","1,027","2,2",0,"0,0","0,000","0,0",1,"5,1","0,275","10,9","5,1",1,"0,310","6,8",32,43,1
189,30,5,2,4,"19,4","2,755","0,167",2,"2,6","0,489","1,3",1,"6,8","1,195","6,8",1,"4,6","0,680","4,6",2,"5,4","0,392","2,4","2,7",0,"0,336","10,2",28,53,"2,00"
281,22,4,4,3,"19,8","2,754","0,280",1,"3,2","0,629","3,2",1,"0,7","0,216","0,7",1,"11,4","1,667","11,4",1,"4,4","0,241","15,4","4,4",0,"0,293","10,1",22,51,"2,00"
177,27,5,2,4,"60,0","2,743","0,245",1,"7,0","0,464","7,0",0,"0,0","0,000","0,0",0,"0,0","0,000","0,0",1,"53,0","2,279","7,0","53,0",0,"0,133","24,8",88,41,"0,00"
64,36,7,4,4,"18,4","2,737","0,144",1,"0,7","0,252","0,7",2,"0,7","0,189","0,4",2,"3,4","0,911","1,7",2,"13,6","1,385","0,0","6,8",0,"0,155","7,9",74,43,"0,00"
286,23,4,4,4,"12,2","2,737","0,124",2,"3,1","0,772","1,6",0,"0,0","0,000","0,0",1,"3,0","0,605","3,0",3,"6,1","1,360","0,5","2,0",1,"0,207","4,7",50,39,"0,00"
293,25,4,4,3,"19,2","2,722","0,249",1,"4,9","1,153","4,9",1,"0,5","0,180","0,5",1,"2,8","0,414","2,8",1,"10,9","0,976","8,2","10,9",1,"0,241","8,6",57,45,"1,00"
215,27,5,4,2,"39,9","2,693","0,051",1,"20,6","1,296","20,6",0,"0,0","0,000","0,0",0,"0,0","0,000","0,0",2,"19,4","1,397","0,0","9,7",0,"0,236","16,2",49,41,"1,00"
114,15,2,4,2,"17,5","2,678","0,256",0,"0,0","0,000","0,0",1,"1,4","0,482","1,4",2,"4,4","0,383","2,2",2,"10,0","1,153","5,9","5,0",0,"0,244","7,5",57,43,0
33,39,7,2,1,"13,1","2,643","0,258",1,"0,7","0,158","0,7",1,"2,0","0,853","2,0",1,"5,3","1,343","5,3",1,"5,1","0,289","8,0","5,1",0,"0,311","6,2",39,47,"0,00"
40,40,7,2,4,"19,4","2,642","0,212",1,"8,0","1,185","8,0",0,"0,0","0,000","0,0",1,"1,9","0,308","1,9",2,"9,5","1,148","8,0","4,7",0,"0,245","11,0",49,57,"0,00"
184,29,5,2,3,"60,0","2,639","0,247",0,"0,0","0,000","0,0",1,"0,6","0,050","0,6",1,"5,4","0,955","5,4",1,"54,0","1,633","6,0","54,0",1,"0,188","19,1",90,32,"0,00"
75,5,1,4,3,"16,7","2,626","0,151",2,"5,0","0,781","2,5",0,"0,0","0,000","0,0",1,"3,0","0,656","3,0",2,"7,2","0,894","6,0","3,6",0,"0,182","8,7",43,52,0
47,37,7,3,3,"17,7","2,604","0,256",1,"3,0","0,795","3,0",1,"1,1","0,191","1,1",1,"0,4","0,133","0,4",2,"13,2","1,484","1,5","6,6",0,"0,146","8,5",75,48,"0,00"
44,36,7,3,4,"16,9","2,600","0,111",1,"0,8","0,275","0,8",2,"0,6","0,147","0,3",2,"3,6","0,989","1,8",2,"12,0","1,189","0,0","6,0",0,"0,163","7,3",71,43,"0,00"
67,37,7,4,3,"16,8","2,600","0,249",1,"3,0","0,832","3,0",1,"1,0","0,166","1,0",1,"0,4","0,158","0,4",2,"12,4","1,445","1,5","6,2",0,"0,151","8,1",74,48,"0,00"
117,16,2,4,1,"18,3","2,589","0,090",0,"0,0","0,000","0,0",0,"0,0","0,000","0,0",2,"1,2","0,166","0,6",4,"13,7","1,795","0,0","3,4",0,"0,109","7,2",75,39,0
106,31,6,3,2,"13,1","2,585","0,149",1,"4,7","1,086","4,7",1,"0,6","0,222","0,6",1,"2,5","0,598","2,5",1,"5,3","0,679","7,8","5,3",0,"0,264","5,7",40,44,"1,00"
291,25,4,4,1,"14,5","2,582","0,300",2,"4,4","0,582","2,2",3,"3,2","0,857","1,1",1,"1,9","0,693","1,9",1,"5,0","0,450","9,5","5,0",1,"0,391","7,7",34,53,"1,00"
78,40,7,4,2,"21,0","2,559","0,123",1,"2,1","0,518","2,1",0,"0,0","0,000","0,0",1,"1,5","0,142","1,5",2,"17,5","1,898","1,5","8,7",0,"0,123","10,4",83,50,"0,00"
55,16,2,2,3,"19,3","2,550","0,243",0,"0,0","0,000","0,0",1,"3,4","0,624","3,4",2,"8,8","1,400","4,4",2,"5,6","0,256","3,5","2,8",1,"0,344","9,4",29,49,0
183,29,5,2,2,"60,0","2,534","0,353",2,"30,1","0,927","15,1",0,"0,0","0,000","0,0",0,"0,0","0,000","0,0",2,"29,9","1,607","0,0","14,9",0,"0,412","20,8",50,35,"0,00"
142,35,6,4,2,"12,3","2,475","0,083",1,"0,2","0,054","0,2",1,"1,2","0,377","1,2",1,"2,3","0,677","2,3",2,"8,6","1,367","0,0","4,3",1,"0,184","4,3",70,35,"0,00"
58,40,7,3,2,"20,1","2,457","0,108",1,"2,0","0,479","2,0",0,"0,0","0,000","0,0",1,"1,2","0,089","1,2",2,"16,9","1,890","1,2","8,4",0,"0,124","9,8",84,49,"0,00"
283,23,4,4,1,"12,0","2,437","0,294",1,"1,7","0,656","1,7",2,"2,1","0,670","1,0",1,"0,7","0,315","0,7",2,"7,4","0,796","2,3","3,7",0,"0,134","5,3",62,44,"0,00"
192,26,5,3,3,"19,2","2,431","0,302",1,"4,8","0,895","4,8",1,"4,4","0,760","4,4",1,"4,7","0,389","4,7",1,"5,3","0,386","13,8","5,3",2,"0,425","9,6",28,50,"0,00"
117,34,6,3,1,"13,5","2,422","0,228",1,"1,4","0,227","1,4",2,"6,7","1,487","3,3",2,"2,1","0,499","1,0",1,"3,4","0,209","10,2","3,4",1,"0,491","6,3",25,47,"0,00"
36,2,1,2,4,"17,2","2,357","0,143",2,"3,9","0,477","2,0",0,"0,0","0,000","0,0",0,"0,0","0,000","0,0",3,"12,3","1,545","0,0","4,1",1,"0,098","7,3",72,42,1
139,34,6,4,3,"19,1","2,346","0,302",0,"0,0","0,000","0,0",0,"0,0","0,000","0,0",2,"7,5","1,422","3,7",2,"11,7","0,924","2,8","5,8",0,"0,175","8,0",61,42,"1,00"
179,20,3,4,3,"14,2","2,331","0,122",0,"0,0","0,000","0,0",0,"0,0","0,000","0,0",0,"0,0","0,000","0,0",2,"9,5","1,553","2,4","4,8",1,"0,151","5,9",67,42,0
171,21,3,3,3,"17,2","2,315","0,088",0,"0,0","0,000","0,0",0,"0,0","0,000","0,0",0,"0,0","0,000","0,0",2,"13,4","1,561","0,0","6,7",2,"0,182","6,5",78,38,0
185,29,5,2,4,"60,0","2,313","0,065",3,"53,7","1,691","17,9",1,"2,9","0,517","2,9",0,"0,0","0,000","0,0",1,"3,5","0,106","31,8","3,5",0,"0,355","21,7",6,36,"1,00"
151,26,5,1,2,"60,0","2,300","0,308",0,"0,0","0,000","0,0",4,"24,6","0,612","6,2",5,"34,1","1,646","6,8",1,"1,3","0,042","0,6","1,3",0,"0,519","26,6",2,44,"3,00"
8,37,7,1,4,"15,4","2,296","0,137",1,"2,7","0,619","2,7",0,"0,0","0,000","0,0",0,"0,0","0,000","0,0",2,"12,7","1,677","0,0","6,3",0,"0,122","6,4",82,42,"0,00"
79,14,2,3,3,"13,4","2,265","0,072",0,"0,0","0,000","0,0",1,"1,2","0,283","1,2",1,"0,7","0,240","0,7",2,"8,1","1,032","4,2","4,1",2,"0,164","3,3",60,25,0
294,25,4,4,4,"15,2","2,264","0,184",2,"3,0","0,518","1,5",1,"0,5","0,196","0,5",1,"2,3","0,691","2,3",2,"9,5","0,860","0,9","4,7",0,"0,155","4,9",63,32,"1,00"
61,18,2,2,1,"11,7","2,242","0,250",0,"0,0","0,000","0,0",1,"1,6","0,368","1,6",0,"0,0","0,000","0,0",3,"7,7","1,157","1,8","2,6",1,"0,187","5,0",66,43,0
88,16,2,3,4,"15,9","2,204","0,224",0,"0,0","0,000","0,0",0,"0,0","0,000","0,0",1,"1,7","0,090","1,7",2,"7,1","0,847","1,8","3,5",0,"0,161","7,0",45,44,0
122,17,2,4,2,"18,7","2,154","0,152",0,"0,0","0,000","0,0",2,"0,9","0,248","0,4",3,"7,3","0,983","2,4",2,"5,7","0,435","4,6","2,8",0,"0,236","9,7",30,52,1
199,28,5,3,2,"15,7","2,153","0,190",0,"0,0","0,000","0,0",0,"0,0","0,000","0,0",1,"0,3","0,056","0,3",2,"15,4","2,097","0,0","7,7",1,"0,126","6,9",98,44,"0,00"
133,33,6,4,1,"10,4","2,148","0,318",2,"5,1","1,258","2,6",0,"0,0","0,000","0,0",0,"0,0","0,000","0,0",2,"5,3","0,891","4,4","2,6",0,"0,240","4,3",51,41,"0,00"
278,25,4,3,4,"14,0","2,135","0,208",1,"1,1","0,214","1,1",0,"0,0","0,000","0,0",1,"2,3","0,591","2,3",2,"10,7","1,330","1,1","5,3",1,"0,100","5,2",76,37,"0,00"
112,14,2,4,4,"15,5","2,110","0,322",0,"0,0","0,000","0,0",0,"0,0","0,000","0,0",1,"4,8","0,581","4,8",2,"8,2","1,101","5,0","4,1",0,"0,216","6,4",53,41,0
190,26,5,3,1,"17,9","2,102","0,360",1,"3,2","0,306","3,2",1,"1,3","0,234","1,3",1,"5,0","0,939","5,0",1,"8,4","0,624","9,5","8,4",0,"0,230","10,9",47,61,"0,00"
289,24,4,4,3,"13,7","2,083","0,237",0,"0,0","0,000","0,0",0,"0,0","0,000","0,0",2,"7,0","1,550","3,5",2,"6,7","0,534","2,1","3,4",1,"0,253","6,9",49,50,"2,00"
55,8,1,2,3,"11,4","2,012","0,070",0,"0,0","0,000","0,0",0,"0,0","0,000","0,0",0,"0,0","0,000","0,0",2,"11,2","1,311","0,0","5,6",0,"0,132","2,5",98,22,0
110,14,2,4,2,"12,5","1,977","0,202",0,"0,0","0,000","0,0",1,"0,5","0,180","0,5",2,"3,6","0,847","1,8",2,"4,1","0,165","4,2","2,0",0,"0,174","4,8",33,38,1
202,29,5,3,1,"22,2","1,974","0,317",2,"9,0","1,198","4,5",2,"0,7","0,084","0,4",0,"0,0","0,000","0,0",1,"12,5","0,692","9,7","12,5",0,"0,325","12,7",56,57,"0,00"
242,23,4,1,4,"12,5","1,971","0,285",1,"2,4","0,541","2,4",0,"0,0","0,000","0,0",1,"3,3","0,684","3,3",2,"6,8","0,746","2,4","3,4",0,"0,179","4,7",54,38,"0,00"
35,39,7,2,3,"10,6","1,958","0,262",1,"2,5","0,804","2,5",0,"0,0","0,000","0,0",1,"1,1","0,334","1,1",2,"7,1","0,821","1,1","3,5",1,"0,120","2,6",67,25,"1,00"
83,7,1,4,3,"12,8","1,954","0,122",1,"2,9","0,506","2,9",0,"0,0","0,000","0,0",1,"2,5","0,420","2,5",2,"6,8","0,903","2,8","3,4",1,"0,113","5,5",53,43,0
137,34,6,4,1,"10,8","1,942","0,319",2,"5,7","1,264","2,8",0,"0,0","0,000","0,0",0,"0,0","0,000","0,0",2,"5,2","0,678","3,1","2,6",1,"0,221","4,9",48,45,"0,00"
56,16,2,2,4,"14,6","1,930","0,121",0,"0,0","0,000","0,0",0,"0,0","0,000","0,0",2,"6,4","1,183","3,2",2,"5,5","0,293","1,3","2,7",1,"0,202","5,0",38,34,1
284,23,4,4,2,"9,5","1,886","0,251",1,"2,2","0,669","2,2",1,"1,2","0,460","1,2",1,"1,7","0,512","1,7",1,"4,4","0,245","5,1","4,4",0,"0,170","4,0",46,42,"0,00"
268,23,4,3,2,"11,0","1,881","0,098",1,"3,8","1,248","3,8",0,"0,0","0,000","0,0",0,"0,0","0,000","0,0",2,"7,2","0,633","0,0","3,6",1,"0,252","3,3",65,30,"0,00"
108,31,6,3,4,"15,2","1,870","0,239",2,"5,9","1,201","2,9",1,"0,3","0,000","0,3",0,"0,0","0,000","0,0",1,"9,0","0,668","6,2","9,0",0,"0,210","5,9",59,39,"0,00"
164,19,3,3,4,"11,4","1,866","0,267",0,"0,0","0,000","0,0",0,"0,0","0,000","0,0",1,"1,9","0,343","1,9",2,"4,2","0,520","2,0","2,1",1,"0,220","5,3",37,46,0
119,34,6,3,3,"17,4","1,840","0,345",0,"0,0","0,000","0,0",0,"0,0","0,000","0,0",1,"8,0","1,236","8,0",1,"9,4","0,603","8,0","9,4",0,"0,190","6,7",54,39,"1,00"
144,35,6,4,4,"11,3","1,819","0,159",3,"3,6","0,766","1,2",1,"1,0","0,290","1,0",0,"0,0","0,000","0,0",2,"6,7","0,763","0,4","3,3",0,"0,183","3,8",59,34,"0,00"
276,25,4,3,2,"8,3","1,798","0,180",1,"2,4","0,759","2,4",0,"0,0","0,000","0,0",0,"0,0","0,000","0,0",2,"5,8","1,040","0,0","2,9",1,"0,153","2,7",70,33,"0,00"
287,24,4,4,1,"10,5","1,781","0,391",1,"1,5","0,342","1,5",2,"2,2","0,669","1,1",1,"1,1","0,429","1,1",1,"5,7","0,341","4,7","5,7",0,"0,219","3,9",54,37,"0,00"
94,18,2,3,2,"13,9","1,764","0,385",0,"0,0","0,000","0,0",0,"0,0","0,000","0,0",1,"3,0","0,516","3,0",2,"10,1","1,089","3,1","5,0",1,"0,182","6,2",73,45,0
23,36,7,2,3,"17,3","1,707","0,304",0,"0,0","0,000","0,0",0,"0,0","0,000","0,0",1,"3,0","0,683","3,0",1,"14,3","1,024","3,0","14,3",0,"0,111","8,4",83,49,"0,00"
197,27,5,3,4,"16,7","1,694","0,206",1,"1,0","0,044","1,0",0,"0,0","0,000","0,0",1,"2,6","0,396","2,6",2,"13,2","1,254","1,0","6,6",1,"0,141","6,6",79,40,"0,00"
223,29,5,4,2,"12,5","1,687","0,092",1,"5,1","1,235","5,1",0,"0,0","0,000","0,0",0,"0,0","0,000","0,0",2,"7,4","0,452","0,0","3,7",0,"0,224","3,0",59,24,"1,00"
128,31,6,4,4,"17,3","1,676","0,244",2,"10,0","1,144","5,0",0,"0,0","0,000","0,0",0,"0,0","0,000","0,0",2,"7,3","0,532","6,5","3,7",0,"0,191","8,4",42,49,"1,00"
225,29,5,4,4,"12,5","1,668","0,212",1,"0,6","0,046","0,6",0,"0,0","0,000","0,0",1,"3,0","0,562","3,0",2,"8,9","1,059","0,6","4,5",0,"0,109","4,4",71,35,"0,00"
44,5,1,2,4,"13,4","1,660","0,257",1,"4,4","0,858","4,4",0,"0,0","0,000","0,0",1,"1,3","0,107","1,3",2,"7,4","0,585","1,5","3,7",0,"0,126","4,6",55,34,0
173,26,5,2,4,"18,5","1,615","0,159",0,"0,0","0,000","0,0",0,"0,0","0,000","0,0",0,"0,0","0,000","0,0",1,"18,5","1,615","0,0","18,5",0,"0,102","7,6",100,41,"0,00"
89,31,6,2,4,"17,2","1,581","0,269",1,"2,6","0,292","2,6",0,"0,0","0,000","0,0",1,"7,2","0,284","7,2",2,"7,5","1,004","2,6","3,7",0,"0,189","8,6",44,50,"0,00"
119,16,2,4,3,"15,1","1,581","0,172",0,"0,0","0,000","0,0",0,"0,0","0,000","0,0",1,"4,3","0,599","4,3",2,"10,5","0,877","0,0","5,2",1,"0,206","6,9",70,46,1
31,38,7,2,3,"14,9","1,574","0,369",1,"0,3","0,094","0,3",1,"5,2","1,028","5,2",1,"1,2","0,208","1,2",1,"8,2","0,244","6,7","8,2",1,"0,510","4,6",55,31,"1,00"
165,29,5,1,4,"60,0","1,571","0,593",0,"0,0","0,000","0,0",0,"0,0","0,000","0,0",1,"56,2","0,877","56,2",1,"3,8","0,693","0,0","3,8",0,"0,388","13,7",6,23,"2,00"
8,12,2,1,4,"60,0","1,532","0,338",0,"0,0","0,000","0,0",0,"0,0","0,000","0,0",1,"30,1","0,403","30,1",2,"28,4","0,947","0,0","14,2",0,"0,344","32,5",47,54,0
2,1,1,1,2,"18,1","1,517","0,198",1,"2,6","0,880","2,6",1,"4,6","0,137","4,6",0,"0,0","0,000","0,0",1,"10,4","0,350","7,7","10,4",1,"0,232","0,6",57,3,0
105,13,2,4,1,"9,1","1,479","0,316",0,"0,0","0,000","0,0",0,"0,0","0,000","0,0",1,"4,6","1,228","4,6",1,"4,4","0,174","4,7","4,4",1,"0,422","2,6",48,29,0
80,6,1,4,4,"60,0","1,475","0,388",0,"0,0","0,000","0,0",0,"0,0","0,000","0,0",1,"1,6","0,165","1,6",1,"58,2","1,290","1,8","58,2",0,"0,217","23,4",97,39,0
255,23,4,2,1,"7,1","1,463","0,418",0,"0,0","0,000","0,0",1,"0,9","0,303","0,9",1,"1,9","0,681","1,9",1,"4,3","0,478","2,8","4,3",1,"0,160","2,2",61,31,"1,00"
28,37,7,2,4,"9,8","1,420","0,246",2,"5,1","0,972","2,6",0,"0,0","0,000","0,0",0,"0,0","0,000","0,0",3,"4,7","0,449","0,0","1,6",1,"0,186","4,4",48,45,"1,00"
170,26,5,2,1,"60,0","1,413","0,357",1,"59,4","1,413","59,4",1,"0,6","0,000","0,6",0,"0,0","0,000","0,0",0,"0,0","0,000",,"0,0",0,"0,500","28,6",0,48,"0,00"
70,4,1,4,2,"13,9","1,402","0,083",1,"3,6","0,632","3,6",1,"0,2","0,000","0,2",1,"1,1","0,271","1,1",2,"7,7","0,327","0,0","3,9",0,"0,115","6,4",55,46,1
176,19,3,4,4,"9,9","1,382","0,166",1,"0,4","0,076","0,4",0,"0,0","0,000","0,0",0,"0,0","0,000","0,0",1,"3,8","0,134","6,1","3,8",2,"0,239","2,8",38,28,1
127,31,6,4,3,"16,0","1,357","0,553",0,"0,0","0,000","0,0",0,"0,0","0,000","0,0",1,"5,7","0,755","5,7",1,"10,3","0,602","5,7","10,3",0,"0,163","7,0",64,44,"1,00"
38,40,7,2,2,"18,1","1,354","0,178",0,"0,0","0,000","0,0",0,"0,0","0,000","0,0",2,"6,7","0,577","3,4",2,"11,4","0,777","4,5","5,7",0,"0,155","9,3",63,51,"0,00"
258,23,4,2,4,"7,1","1,339","0,459",1,"1,7","0,410","1,7",1,"1,3","0,577","1,3",1,"0,3","0,055","0,3",1,"3,8","0,297","3,3","3,8",1,"0,358","2,4",54,34,"0,00"
193,26,5,3,4,"17,0","1,331","0,163",0,"0,0","0,000","0,0",0,"0,0","0,000","0,0",1,"9,1","0,582","9,1",2,"7,9","0,749","0,0","3,9",1,"0,208","7,7",46,45,"0,00"
35,11,2,2,3,"12,7","1,295","0,383",0,"0,0","0,000","0,0",0,"0,0","0,000","0,0",1,"7,2","1,102","7,2",1,"5,5","0,193","7,2","5,5",1,"0,379","4,2",43,33,0
153,20,3,2,1,"9,9","1,284","0,596",0,"0,0","0,000","0,0",1,"1,1","0,112","1,1",1,"3,1","0,786","3,1",1,"4,2","0,214","5,7","4,2",1,"0,348","4,8",42,48,0
162,19,3,3,2,"11,3","1,271","0,403",1,"0,4","0,108","0,4",0,"0,0","0,000","0,0",0,"0,0","0,000","0,0",1,"7,8","0,685","3,5","7,8",1,"0,170","4,2",69,37,1
280,22,4,4,2,"10,7","1,267","0,286",0,"0,0","0,000","0,0",0,"0,0","0,000","0,0",0,"0,0","0,000","0,0",1,"10,7","1,267","0,0","10,7",0,"0,088","4,5",100,42,"0,00"
134,33,6,4,2,"9,2","1,267","0,098",2,"2,8","0,668","1,4",0,"0,0","0,000","0,0",0,"0,0","0,000","0,0",3,"6,4","0,599","0,0","2,1",1,"0,103","2,3",70,25,"1,00"
135,33,6,4,3,"8,5","1,266","0,603",0,"0,0","0,000","0,0",1,"0,7","0,113","0,7",1,"3,1","0,956","3,1",1,"4,7","0,197","3,8","4,7",0,"0,187","3,4",55,40,"0,00"
118,16,2,4,2,"9,5","1,264","0,196",0,"0,0","0,000","0,0",0,"0,0","0,000","0,0",1,"3,2","0,780","3,2",1,"4,6","0,388","4,9","4,6",1,"0,292","2,4",48,25,0
81,7,1,4,1,"27,3","1,259","0,520",0,"0,0","0,000","0,0",0,"0,0","0,000","0,0",1,"2,7","0,672","2,7",2,"23,7","0,587","3,1","11,8",0,"0,318","12,9",87,47,0
171,26,5,2,2,"15,6","1,235","0,339",0,"0,0","0,000","0,0",0,"0,0","0,000","0,0",0,"0,0","0,000","0,0",1,"15,6","1,235","0,0","15,6",0,"0,101","7,6",100,49,"0,00"
32,18,2,1,4,"60,0","1,211","0,228",0,"0,0","0,000","0,0",0,"0,0","0,000","0,0",0,"0,0","0,000","0,0",2,"52,9","0,701","0,0","26,4",0,"0,250","27,7",88,46,0
191,26,5,3,2,"13,2","1,186","0,309",0,"0,0","0,000","0,0",0,"0,0","0,000","0,0",1,"0,7","0,045","0,7",1,"12,5","1,141","0,7","12,5",0,"0,115","5,5",95,42,"0,00"
68,11,2,3,4,"10,7","1,184","0,569",0,"0,0","0,000","0,0",0,"0,0","0,000","0,0",1,"3,2","0,565","3,2",2,"5,8","0,451","3,5","2,9",1,"0,250","5,7",54,53,0
181,28,5,2,4,"11,4","1,182","0,274",1,"4,4","0,585","4,4",0,"0,0","0,000","0,0",0,"0,0","0,000","0,0",2,"7,0","0,597","0,0","3,5",1,"0,213","4,9",61,43,"0,00"
259,24,4,2,1,"7,9","1,162","0,507",0,"0,0","0,000","0,0",0,"0,0","0,000","0,0",1,"2,8","0,722","2,8",1,"5,2","0,440","2,8","5,2",0,"0,167","3,2",66,41,"0,00"
78,14,2,3,2,"7,8","1,127","0,524",0,"0,0","0,000","0,0",0,"0,0","0,000","0,0",2,"3,2","0,583","1,6",2,"3,8","0,340","2,8","1,9",1,"0,187","2,7",49,35,0
196,27,5,3,3,"12,1","1,106","0,566",0,"0,0","0,000","0,0",1,"1,1","0,195","1,1",2,"6,7","0,592","3,4",1,"4,3","0,319","7,8","4,3",1,"0,166","5,7",36,47,"0,00"
34,39,7,2,2,"8,4","1,087","0,455",0,"0,0","0,000","0,0",0,"0,0","0,000","0,0",1,"3,2","0,868","3,2",1,"5,2","0,219","3,2","5,2",0,"0,167","2,4",62,29,"1,00"
125,18,2,4,1,"7,3","1,081","0,424",0,"0,0","0,000","0,0",0,"0,0","0,000","0,0",1,"1,5","0,460","1,5",2,"5,4","0,465","0,0","2,7",0,"0,111","1,7",74,23,1
219,28,5,4,2,"9,0","1,056","0,218",1,"0,5","0,093","0,5",0,"0,0","0,000","0,0",0,"0,0","0,000","0,0",2,"8,4","0,963","0,0","4,2",0,"0,084","2,3",93,26,"0,00"
263,22,4,3,1,"8,1","1,043","0,673",1,"2,8","0,624","2,8",0,"0,0","0,000","0,0",0,"0,0","0,000","0,0",1,"5,3","0,419","2,8","5,3",1,"0,248","4,0",65,49,"0,00"
44,13,2,2,4,"7,7","1,043","0,313",0,"0,0","0,000","0,0",0,"0,0","0,000","0,0",0,"0,0","0,000","0,0",1,"3,8","0,297","3,9","3,8",1,"0,204","2,3",49,30,0
180,28,5,2,3,"8,3","1,025","0,621",0,"0,0","0,000","0,0",0,"0,0","0,000","0,0",1,"3,7","0,690","3,7",1,"4,6","0,335","3,7","4,6",1,"0,268","3,8",55,46,"0,00"
58,1,1,4,2,"9,1","1,021","0,232",0,"0,0","0,000","0,0",0,"0,0","0,000","0,0",1,"2,0","0,488","2,0",1,"5,1","0,162","4,0","5,1",0,"0,149","3,6",56,40,1
120,16,2,4,4,"8,2","1,021","0,426",0,"0,0","0,000","0,0",0,"0,0","0,000","0,0",1,"1,6","0,292","1,6",1,"6,5","0,667","1,8","6,5",1,"0,200","2,9",79,35,1
257,23,4,2,3,"7,9","1,017","0,449",0,"0,0","0,000","0,0",0,"0,0","0,000","0,0",1,"3,0","0,709","3,0",1,"5,0","0,309","3,0","5,0",1,"0,158","2,3",63,29,"1,00"
30,1,1,2,2,"9,8","1,006","0,258",1,"1,3","0,155","1,3",0,"0,0","0,000","0,0",0,"0,0","0,000","0,0",1,"8,4","0,744","1,5","8,4",0,"0,040","1,5",86,15,0
172,26,5,2,3,"19,1","1,002","0,711",0,"0,0","0,000","0,0",0,"0,0","0,000","0,0",1,"7,9","0,649","7,9",1,"11,2","0,353","7,9","11,2",0,"0,171","8,9",59,47,"0,00"
69,38,7,4,1,"7,2","1,000","0,773",1,"1,7","0,475","1,7",1,"0,7","0,158","0,7",0,"0,0","0,000","0,0",1,"4,8","0,366","2,5","4,8",0,"0,137","2,7",67,38,"0,00"
41,36,7,3,1,"11,9","0,969","0,768",1,"0,1","0,055","0,1",1,"3,8","0,598","3,8",0,"0,0","0,000","0,0",1,"8,0","0,316","3,9","8,0",1,"0,129","4,1",67,34,"0,00"
49,38,7,3,1,"7,3","0,960","0,790",1,"1,5","0,430","1,5",1,"0,8","0,230","0,8",0,"0,0","0,000","0,0",1,"4,9","0,300","2,4","4,9",0,"0,121","2,6",67,36,"0,00"
175,27,5,2,2,"10,1","0,959","0,318",0,"0,0","0,000","0,0",1,"0,4","0,045","0,4",1,"2,4","0,473","2,4",2,"7,3","0,441","0,0","3,7",0,"0,081","2,7",72,27,"0,00"
29,1,1,2,1,"11,4","0,957","0,548",0,"0,0","0,000","0,0",0,"0,0","0,000","0,0",1,"3,2","0,726","3,2",1,"8,0","0,132","3,4","8,0",1,"0,104","2,2",70,19,0
75,13,2,3,3,"9,5","0,949","0,590",0,"0,0","0,000","0,0",1,"0,5","0,150","0,5",1,"0,3","0,107","0,3",1,"4,5","0,172","5,0","4,5",1,"0,264","3,9",47,41,0
106,13,2,4,2,"7,4","0,947","0,661",0,"0,0","0,000","0,0",1,"2,0","0,335","2,0",1,"1,2","0,383","1,2",1,"3,8","0,166","3,5","3,8",1,"0,175","2,8",51,38,1
261,24,4,2,3,"8,2","0,898","0,732",0,"0,0","0,000","0,0",0,"0,0","0,000","0,0",1,"2,9","0,489","2,9",1,"5,3","0,408","2,9","5,3",0,"0,173","3,8",65,46,"0,00"
124,17,2,4,4,"8,8","0,885","0,340",0,"0,0","0,000","0,0",0,"0,0","0,000","0,0",1,"1,7","0,078","1,7",1,"6,9","0,749","1,9","6,9",0,"0,045","3,1",78,35,0
205,29,5,3,4,"8,4","0,848","0,384",0,"0,0","0,000","0,0",0,"0,0","0,000","0,0",0,"0,0","0,000","0,0",1,"8,4","0,848","0,0","8,4",1,"0,144","4,3",100,51,"0,00"
107,31,6,3,3,"11,5","0,801","0,827",0,"0,0","0,000","0,0",0,"0,0","0,000","0,0",1,"1,7","0,479","1,7",1,"9,8","0,322","1,7","9,8",0,"0,051","3,6",85,31,"1,00"
63,36,7,4,3,"6,7","0,786","0,955",0,"0,0","0,000","0,0",1,"2,1","0,354","2,1",1,"1,0","0,229","1,0",1,"3,6","0,203","3,1","3,6",1,"0,280","3,1",54,46,"0,00"
187,30,5,2,2,"7,0","0,776","0,287",0,"0,0","0,000","0,0",0,"0,0","0,000","0,0",0,"0,0","0,000","0,0",1,"7,0","0,776","0,0","7,0",0,"0,061","2,1",100,30,"0,00"
59,40,7,3,3,"13,6","0,751","0,475",0,"0,0","0,000","0,0",0,"0,0","0,000","0,0",1,"5,6","0,275","5,6",1,"8,0","0,476","5,6","8,0",0,"0,151","4,9",59,36,"0,00"
61,36,7,4,1,"6,5","0,748","0,711",1,"0,1","0,000","0,1",1,"3,0","0,411","3,0",0,"0,0","0,000","0,0",1,"3,4","0,336","3,1","3,4",1,"0,185","3,2",52,49,"0,00"
155,20,3,2,3,"6,7","0,731","0,697",0,"0,0","0,000","0,0",1,"1,0","0,110","1,0",0,"0,0","0,000","0,0",1,"3,9","0,194","2,8","3,9",1,"0,140","2,5",58,37,0
180,20,3,4,4,"6,0","0,726","0,915",0,"0,0","0,000","0,0",2,"1,9","0,342","1,0",0,"0,0","0,000","0,0",1,"3,5","0,241","2,5","3,5",1,"0,259","2,3",58,38,0
220,28,5,4,3,"10,2","0,724","0,954",0,"0,0","0,000","0,0",0,"0,0","0,000","0,0",1,"1,8","0,444","1,8",1,"8,4","0,280","1,8","8,4",0,"0,053","2,0",82,20,"0,00"
165,20,3,3,1,"7,9","0,719","0,348",0,"0,0","0,000","0,0",0,"0,0","0,000","0,0",0,"0,0","0,000","0,0",1,"7,0","0,693","0,9","7,0",0,"0,032","2,0",89,25,0
43,36,7,3,3,"6,4","0,708","0,954",0,"0,0","0,000","0,0",1,"1,8","0,280","1,8",1,"0,9","0,207","0,9",1,"3,7","0,221","2,7","3,7",1,"0,241","2,7",58,42,"0,00"
64,2,1,4,4,"9,2","0,703","0,234",0,"0,0","0,000","0,0",0,"0,0","0,000","0,0",1,"1,9","0,272","1,9",1,"7,0","0,328","2,3","7,0",0,"0,079","3,6",76,39,0
99,10,1,1,4,"4,1","0,692","0,844",0,"0,0","0,000","0,0",0,"0,0","0,000","0,0",0,"0,0","0,000","0,0",1,"4,1","0,692","0,0","4,1",0,"0,134","1,5",100,37,0
98,10,1,1,3,"4,7","0,688","0,860",0,"0,0","0,000","0,0",0,"0,0","0,000","0,0",0,"0,0","0,000","0,0",1,"4,7","0,688","0,0","4,7",0,"0,131","1,3",100,28,0
79,40,7,4,3,"7,6","0,685","0,947",0,"0,0","0,000","0,0",1,"1,6","0,261","1,6",1,"0,7","0,225","0,7",1,"5,2","0,200","2,4","5,2",0,"0,106","2,5",68,33,"0,00"
80,40,7,4,4,"7,8","0,678","0,973",0,"0,0","0,000","0,0",1,"1,8","0,245","1,8",1,"0,7","0,265","0,7",1,"5,4","0,167","2,5","5,4",0,"0,110","2,7",69,35,"0,00"
204,29,5,3,3,"5,8","0,674","0,903",0,"0,0","0,000","0,0",0,"0,0","0,000","0,0",1,"1,5","0,386","1,5",1,"4,3","0,288","1,5","4,3",0,"0,069","1,8",74,31,"0,00"
60,40,7,3,4,"7,1","0,673","0,922",0,"0,0","0,000","0,0",1,"1,6","0,212","1,6",1,"0,7","0,219","0,7",1,"4,9","0,242","2,3","4,9",0,"0,105","2,5",69,35,"0,00"
266,22,4,3,4,"11,6","0,658","0,744",1,"2,0","0,197","2,0",0,"0,0","0,000","0,0",0,"0,0","0,000","0,0",1,"9,6","0,461","2,0","9,6",0,"0,079","4,6",83,40,"0,00"
130,32,6,4,2,"7,1","0,658","0,215",0,"0,0","0,000","0,0",0,"0,0","0,000","0,0",1,"1,5","0,306","1,5",2,"5,6","0,352","0,0","2,8",0,"0,072","2,8",79,39,"0,00"
62,2,1,4,2,"8,6","0,646","0,142",0,"0,0","0,000","0,0",0,"0,0","0,000","0,0",1,"0,5","0,118","0,5",2,"7,7","0,436","0,0","3,9",0,"0,081","4,4",90,51,0
274,24,4,3,4,"7,3","0,646","0,810",1,"1,9","0,424","1,9",0,"0,0","0,000","0,0",0,"0,0","0,000","0,0",1,"5,3","0,222","1,9","5,3",0,"0,077","2,0",73,27,"1,00"
66,11,2,3,2,"9,6","0,639","0,733",0,"0,0","0,000","0,0",0,"0,0","0,000","0,0",1,"4,2","0,309","4,2",1,"5,0","0,284","4,6","5,0",1,"0,249","3,1",52,32,0
131,32,6,4,3,"6,1","0,612","0,982",0,"0,0","0,000","0,0",0,"0,0","0,000","0,0",1,"1,4","0,439","1,4",1,"4,6","0,173","1,4","4,6",1,"0,215","1,3",75,21,"1,00"
195,27,5,3,2,"8,2","0,591","0,447",0,"0,0","0,000","0,0",0,"0,0","0,000","0,0",1,"2,3","0,201","2,3",2,"5,9","0,391","0,0","2,9",1,"0,076","3,9",72,48,"0,00"
27,17,2,1,3,"5,8","0,574","0,982",0,"0,0","0,000","0,0",1,"1,5","0,205","1,5",1,"0,7","0,261","0,7",1,"3,4","0,041","2,5","3,4",0,"0,119","1,9",59,33,0
102,35,6,2,1,"7,6","0,562","0,769",0,"0,0","0,000","0,0",1,"0,5","0,044","0,5",1,"0,9","0,280","0,9",1,"6,2","0,239","1,4","6,2",0,"0,043","2,1",82,28,"0,00"
229,30,5,4,4,"7,3","0,558","0,812",1,"0,9","0,131","0,9",0,"0,0","0,000","0,0",0,"0,0","0,000","0,0",1,"6,4","0,427","0,9","6,4",1,"0,088","2,4",88,33,"0,00"
282,22,4,4,4,"7,4","0,556","0,816",1,"2,5","0,244","2,5",0,"0,0","0,000","0,0",0,"0,0","0,000","0,0",1,"4,8","0,312","2,5","4,8",1,"0,130","3,4",65,46,"0,00"
113,15,2,4,1,"5,6","0,542","0,403",0,"0,0","0,000","0,0",0,"0,0","0,000","0,0",0,"0,0","0,000","0,0",1,"5,6","0,542","0,0","5,6",1,"0,030","1,1",100,20,0
66,37,7,4,2,"6,8","0,540","0,553",0,"0,0","0,000","0,0",0,"0,0","0,000","0,0",1,"2,4","0,278","2,4",1,"4,4","0,261","2,4","4,4",1,"0,103","2,2",65,32,"0,00"
52,15,2,2,4,"7,0","0,516","0,829",0,"0,0","0,000","0,0",0,"0,0","0,000","0,0",0,"0,0","0,000","0,0",1,"4,9","0,168","2,1","4,9",0,"0,066","2,1",70,30,0
50,38,7,3,2,"8,1","0,481","0,640",0,"0,0","0,000","0,0",0,"0,0","0,000","0,0",0,"0,0","0,000","0,0",1,"8,1","0,481","0,0","8,1",0,"0,061","2,7",100,33,"0,00"
230,26,5,5,1,,"0,475","0,577",1,"60,0","0,475","60,0",0,"0,0","0,000","0,0",0,"0,0","0,000","0,0",0,"0,0","0,000",,"0,0",0,"0,392","16,6",0,28,"1,00"
46,37,7,3,2,"6,7","0,470","0,628",0,"0,0","0,000","0,0",0,"0,0","0,000","0,0",1,"2,0","0,233","2,0",1,"4,7","0,236","2,0","4,7",1,"0,095","1,8",70,27,"0,00"
246,24,4,1,4,"5,6","0,468","0,882",1,"0,5","0,043","0,5",0,"0,0","0,000","0,0",0,"0,0","0,000","0,0",1,"5,1","0,425","0,5","5,1",1,"0,049","1,7",91,30,"0,00"
262,24,4,2,4,"5,1","0,459","0,895",1,"0,7","0,120","0,7",0,"0,0","0,000","0,0",0,"0,0","0,000","0,0",1,"4,4","0,339","0,7","4,4",0,"0,028","1,3",86,25,"0,00"
62,36,7,4,2,"7,9","0,446","0,905",0,"0,0","0,000","0,0",0,"0,0","0,000","0,0",1,"1,1","0,095","1,1",1,"6,7","0,350","1,1","6,7",1,"0,091","3,1",85,39,"0,00"
57,1,1,4,1,"7,0","0,435","0,891",0,"0,0","0,000","0,0",0,"0,0","0,000","0,0",1,"1,8","0,285","1,8",1,"5,0","0,085","2,0","5,0",0,"0,081","3,4",71,49,0
6,37,7,1,2,"3,1","0,405","0,887",0,"0,0","0,000","0,0",0,"0,0","0,000","0,0",1,"0,7","0,151","0,7",1,"2,4","0,254","0,7","2,4",1,"0,031","0,6",77,19,"0,00"
42,36,7,3,2,"8,4","0,401","0,899",0,"0,0","0,000","0,0",0,"0,0","0,000","0,0",1,"0,9","0,053","0,9",1,"7,5","0,347","0,9","7,5",1,"0,081","2,9",89,35,"0,00"
91,32,6,2,2,"4,8","0,399","0,669",0,"0,0","0,000","0,0",0,"0,0","0,000","0,0",0,"0,0","0,000","0,0",1,"4,8","0,399","0,0","4,8",1,"0,047","1,4",100,29,"0,00"
60,17,2,2,4,"6,4","0,386","0,973",0,"0,0","0,000","0,0",1,"1,4","0,070","1,4",0,"0,0","0,000","0,0",1,"4,4","0,094","2,1","4,4",0,"0,040","1,0",69,16,0
124,35,6,3,4,"4,9","0,381","0,870",1,"0,4","0,000","0,4",0,"0,0","0,000","0,0",0,"0,0","0,000","0,0",1,"4,5","0,381","0,4","4,5",1,"0,082","1,2",92,24,"0,00"
132,32,6,4,4,"7,2","0,376","0,714",0,"0,0","0,000","0,0",0,"0,0","0,000","0,0",0,"0,0","0,000","0,0",1,"7,2","0,376","0,0","7,2",0,"0,033","2,8",100,39,"0,00"
270,23,4,3,4,"4,7","0,363","0,973",1,"1,0","0,234","1,0",0,"0,0","0,000","0,0",0,"0,0","0,000","0,0",1,"3,7","0,128","1,0","3,7",1,"0,096","0,7",79,15,"0,00"
126,31,6,4,2,"14,2","0,352","0,970",0,"0,0","0,000","0,0",0,"0,0","0,000","0,0",1,"0,8","0,041","0,8",1,"13,4","0,310","0,8","13,4",1,"0,080","2,0",94,14,"0,00"
292,25,4,4,2,"5,2","0,350","0,991",0,"0,0","0,000","0,0",0,"0,0","0,000","0,0",0,"0,0","0,000","0,0",1,"5,2","0,350","0,0","5,2",1,"0,029","1,2",100,23,"0,00"
82,15,2,3,2,"5,7","0,344","0,935",0,"0,0","0,000","0,0",0,"0,0","0,000","0,0",1,"1,1","0,074","1,1",1,"4,3","0,143","1,5","4,3",0,"0,030","1,0",75,18,0
32,38,7,2,4,"5,2","0,313","0,973",0,"0,0","0,000","0,0",0,"0,0","0,000","0,0",0,"0,0","0,000","0,0",1,"5,2","0,313","0,0","5,2",1,"0,108","1,1",100,21,"0,00"
207,30,5,3,2,"6,1","0,310","0,988",0,"0,0","0,000","0,0",0,"0,0","0,000","0,0",0,"0,0","0,000","0,0",1,"6,1","0,310","0,0","6,1",0,"0,028","2,1",100,34,"0,00"
136,33,6,4,4,"7,5","0,307","0,371",0,"0,0","0,000","0,0",0,"0,0","0,000","0,0",0,"0,0","0,000","0,0",1,"7,5","0,307","0,0","7,5",0,"0,012","1,7",100,23,"0,00"
201,28,5,3,4,"6,9","0,297","0,920",0,"0,0","0,000","0,0",0,"0,0","0,000","0,0",0,"0,0","0,000","0,0",1,"6,9","0,297","0,0","6,9",0,"0,030","3,1",100,45,"0,00"
22,36,7,2,2,"5,6","0,290","0,965",0,"0,0","0,000","0,0",0,"0,0","0,000","0,0",0,"0,0","0,000","0,0",1,"5,6","0,290","0,0","5,6",1,"0,029","1,2",100,21,"0,00"
48,14,2,2,4,"4,9","0,275","0,985",0,"0,0","0,000","0,0",0,"0,0","0,000","0,0",0,"0,0","0,000","0,0",1,"3,7","0,141","1,2","3,7",1,"0,049","0,8",76,16,0
70,38,7,4,2,"7,8","0,272","0,778",0,"0,0","0,000","0,0",0,"0,0","0,000","0,0",0,"0,0","0,000","0,0",1,"7,8","0,272","0,0","7,8",0,"0,022","2,0",100,26,"0,00"
107,10,1,2,4,"6,7","0,260","0,937",1,"2,1","0,184","2,1",0,"0,0","0,000","0,0",0,"0,0","0,000","0,0",1,"4,6","0,076","2,1","4,6",0,"0,015","0,6",69,9,0
154,20,3,2,2,"5,3","0,236","0,264",0,"0,0","0,000","0,0",0,"0,0","0,000","0,0",0,"0,0","0,000","0,0",1,"5,3","0,236","0,0","5,3",1,"0,005","0,3",100,6,0
140,34,6,4,4,"6,0","0,232","0,978",0,"0,0","0,000","0,0",0,"0,0","0,000","0,0",0,"0,0","0,000","0,0",1,"6,0","0,232","0,0","6,0",0,"0,017","2,0",100,33,"0,00"
183,21,3,4,3,"5,0","0,196","0,787",0,"0,0","0,000","0,0",0,"0,0","0,000","0,0",0,"0,0","0,000","0,0",1,"3,7","0,159","1,3","3,7",0,"0,008","0,4",74,8,0
60,1,1,4,4,"6,0","0,186","0,912",0,"0,0","0,000","0,0",0,"0,0","0,000","0,0",0,"0,0","0,000","0,0",1,"6,0","0,186","0,0","6,0",0,"0,047","2,4",100,40,0
112,32,6,3,4,"6,2","0,173","0,377",0,"0,0","0,000","0,0",0,"0,0","0,000","0,0",0,"0,0","0,000","0,0",1,"6,2","0,173","0,0","6,2",0,"0,002","0,5",100,8,"0,00"
26,37,7,2,2,"5,4","0,172","0,824",0,"0,0","0,000","0,0",0,"0,0","0,000","0,0",0,"0,0","0,000","0,0",1,"5,4","0,172","0,0","5,4",0,"0,024","1,6",100,30,"0,00"
110,32,6,3,2,"3,9","0,149","0,280",0,"0,0","0,000","0,0",0,"0,0","0,000","0,0",0,"0,0","0,000","0,0",1,"3,9","0,149","0,0","3,9",1,"0,001","0,3",100,8,"0,00"
63,2,1,4,3,"6,6","0,108","0,435",0,"0,0","0,000","0,0",0,"0,0","0,000","0,0",0,"0,0","0,000","0,0",1,"6,6","0,108","0,0","6,6",0,"0,062","3,8",100,58,0
48,6,1,2,4,"5,2","0,099","0,370",0,"0,0","0,000","0,0",0,"0,0","0,000","0,0",0,"0,0","0,000","0,0",1,"5,2","0,099","0,0","5,2",1,"0,000","0,0",100,0,0
116,33,6,3,4,"4,4","0,079","0,974",0,"0,0","0,000","0,0",0,"0,0","0,000","0,0",0,"0,0","0,000","0,0",1,"4,4","0,079","0,0","4,4",0,"0,001","0,6",100,14,"0,00"
118,34,6,3,2,"5,7","0,075","0,967",0,"0,0","0,000","0,0",0,"0,0","0,000","0,0",0,"0,0","0,000","0,0",1,"5,7","0,075","0,0","5,7",0,"0,002","0,7",100,12,"0,00"
54,16,2,2,2,"4,4","0,068","0,895",0,"0,0","0,000","0,0",0,"0,0","0,000","0,0",0,"0,0","0,000","0,0",1,"4,4","0,068","0,0","4,4",1,"0,001","0,3",100,7,0
156,20,3,2,4,"4,8","0,063","0,979",0,"0,0","0,000","0,0",0,"0,0","0,000","0,0",0,"0,0","0,000","0,0",1,"4,8","0,063","0,0","4,8",1,"0,000","0,0",100,0,0
126,18,2,4,2,"5,8","0,050","1,000",0,"0,0","0,000","0,0",0,"0,0","0,000","0,0",0,"0,0","0,000","0,0",1,"5,8","0,050","0,0","5,8",0,"0,001","0,2",100,3,0
53,8,1,2,1,"5,6","0,043","0,668",0,"0,0","0,000","0,0",0,"0,0","0,000","0,0",0,"0,0","0,000","0,0",1,"5,6","0,043","0,0","5,6",0,"0,000","0,3",100,5,0
76,5,1,4,4,"6,0","0,034","0,970",0,"0,0","0,000","0,0",0,"0,0","0,000","0,0",0,"0,0","0,000","0,0",1,"6,0","0,034","0,0","6,0",0,"0,028","1,1",100,18,0
20,5,1,1,4,"5,7","0,034","0,989",0,"0,0","0,000","0,0",0,"0,0","0,000","0,0",0,"0,0","0,000","0,0",1,"5,7","0,034","0,0","5,7",1,"0,000","0,0",100,0,0
107,13,2,4,3,"5,6","0,000",,0,"0,0","0,000","0,0",0,"0,0","0,000","0,0",0,"0,0","0,000","0,0",1,"5,6","0,000","0,0","5,6",0,"0,000","0,0",100,0,0
16,14,2,1,4,"4,9","0,000",,0,"0,0","0,000","0,0",0,"0,0","0,000","0,0",0,"0,0","0,000","0,0",1,"4,9","0,000","0,0","4,9",0,"0,000","0,0",100,0,0
77,14,2,3,1,"4,2","0,000",,0,"0,0","0,000","0,0",0,"0,0","0,000","0,0",0,"0,0","0,000","0,0",1,"4,2","0,000","0,0","4,2",1,"0,000","0,0",100,0,0
59,17,2,2,3,"4,1","0,000",,0,"0,0","0,000","0,0",0,"0,0","0,000","0,0",0,"0,0","0,000","0,0",1,"4,1","0,000","0,0","4,1",1,"0,000","0,0",100,0,0